params,mean_test_MCC,mean_test_Recall,mean_test_Precision,mean_test_F1,mean_test_AUC,mean_test_Fscore_beta2,mean_test_Fscore_beta3,mean_test_Cust_metric
"{'n_estimators': 1500, 'min_samples_split': 2, 'min_samples_leaf': 2, 'max_features': 'sqrt', 'max_depth': 5, 'criterion': 'gini', 'class_weight': 'balanced_subsample', 'ccp_alpha': 0.01, 'bootstrap': True}",0.3533636656202707,0.7880827425660991,0.3441260367844303,0.47905723153989815,0.7253173938913742,0.6264384419992847,0.6980233059436363,96.01457609583144
"{'n_estimators': 300, 'min_samples_split': 5, 'min_samples_leaf': 4, 'max_features': 'log2', 'max_depth': 5, 'criterion': 'entropy', 'class_weight': 'balanced_subsample', 'ccp_alpha': 0.0, 'bootstrap': True}",0.38764437574750343,0.764506044395462,0.3793314606046927,0.5070659845019329,0.7417476936932695,0.6354555387735551,0.6940325646600765,95.41717746978084
"{'n_estimators': 100, 'min_samples_split': 2, 'min_samples_leaf': 1, 'max_features': 'sqrt', 'max_depth': 10, 'criterion': 'entropy', 'class_weight': 'balanced_subsample', 'ccp_alpha': 0.01, 'bootstrap': True}",0.35591445560226126,0.7802559165096893,0.34839668337651,0.48170017386000835,0.7262156201264554,0.6252427710304503,0.6942001537856067,95.44542581979442
"{'n_estimators': 1000, 'min_samples_split': 10, 'min_samples_leaf': 4, 'max_features': 'sqrt', 'max_depth': 5, 'criterion': 'gini', 'class_weight': 'balanced_subsample', 'ccp_alpha': 0.01, 'bootstrap': True}",0.35245373359446647,0.7906916677274052,0.3426729241042648,0.4781234275918538,0.7249649172653504,0.626782911693311,0.6992587175517451,96.20281297795377
"{'n_estimators': 600, 'min_samples_split': 5, 'min_samples_leaf': 4, 'max_features': 'sqrt', 'max_depth': 10, 'criterion': 'gini', 'class_weight': 'balanced_subsample', 'ccp_alpha': 0.0, 'bootstrap': True}",0.42932005507841864,0.7922055397160696,0.4059630198247684,0.5368279710251928,0.7658954380246069,0.6655578330998798,0.7233799756053991,99.51870496284538
"{'n_estimators': 600, 'min_samples_split': 5, 'min_samples_leaf': 2, 'max_features': 'log2', 'max_depth': 10, 'criterion': 'entropy', 'class_weight': 'balanced_subsample', 'ccp_alpha': 0.01, 'bootstrap': True}",0.3664552184886724,0.7878412215707339,0.35431953092534263,0.48880449433384293,0.73266010539911,0.6329512073001694,0.7019530949279152,96.50009870334053
"{'n_estimators': 100, 'min_samples_split': 5, 'min_samples_leaf': 4, 'max_features': 'sqrt', 'max_depth': 5, 'criterion': 'gini', 'class_weight': 'balanced_subsample', 'ccp_alpha': 0.0, 'bootstrap': True}",0.393575272628999,0.7680650983060078,0.38320134030802405,0.5112892757084003,0.7451588346197813,0.6395733291733966,0.6979522273323738,95.96657684600198
"{'n_estimators': 3000, 'min_samples_split': 2, 'min_samples_leaf': 2, 'max_features': 'log2', 'max_depth': 10, 'criterion': 'gini', 'class_weight': 'balanced_subsample', 'ccp_alpha': 0.0, 'bootstrap': True}",0.4218749437114198,0.7838956436595486,0.4023975435245562,0.5318038192746883,0.7611851577544787,0.6589502693446623,0.7160130263150783,98.50944154218267
"{'n_estimators': 3000, 'min_samples_split': 2, 'min_samples_leaf': 4, 'max_features': 'sqrt', 'max_depth': 5, 'criterion': 'entropy', 'class_weight': 'balanced_subsample', 'ccp_alpha': 0.01, 'bootstrap': True}",0.36052860160181166,0.789322804968322,0.3492457128610658,0.4842352903247377,0.7294611394993259,0.630441404737244,0.7009921132584301,96.3945661398855
"{'n_estimators': 1500, 'min_samples_split': 5, 'min_samples_leaf': 2, 'max_features': 'log2', 'max_depth': 3, 'criterion': 'entropy', 'class_weight': 'balanced_subsample', 'ccp_alpha': 0.01, 'bootstrap': True}",0.3594850484121821,0.7548756002046447,0.35902843657322814,0.4866149798992841,0.7260592463695374,0.6184903982008776,0.6799107733267383,93.43898184912587
"{'n_estimators': 1000, 'min_samples_split': 10, 'min_samples_leaf': 1, 'max_features': 'log2', 'max_depth': 5, 'criterion': 'entropy', 'class_weight': 'balanced_subsample', 'ccp_alpha': 0.0, 'bootstrap': True}",0.39003141745743886,0.7657460562251927,0.38094988719981965,0.5087850262298107,0.7431039134790632,0.6370496882635978,0.6954943883194656,95.62209998251025
"{'n_estimators': 600, 'min_samples_split': 2, 'min_samples_leaf': 4, 'max_features': 'sqrt', 'max_depth': 5, 'criterion': 'entropy', 'class_weight': 'balanced_subsample', 'ccp_alpha': 0.0, 'bootstrap': True}",0.3904521526504044,0.7711893026985903,0.3794289341325569,0.5086161386631803,0.743920779277341,0.6391953728501006,0.6990158577196893,96.09037697648687
"{'n_estimators': 600, 'min_samples_split': 10, 'min_samples_leaf': 4, 'max_features': 'sqrt', 'max_depth': 10, 'criterion': 'gini', 'class_weight': 'balanced_subsample', 'ccp_alpha': 0.0, 'bootstrap': True}",0.42851332958687705,0.791899531790999,0.4053510813274444,0.5362239844022278,0.7654620531670094,0.6650576706465121,0.7229571885597547,99.45750724547213
"{'n_estimators': 3000, 'min_samples_split': 10, 'min_samples_leaf': 4, 'max_features': 'sqrt', 'max_depth': 5, 'criterion': 'entropy', 'class_weight': 'balanced_subsample', 'ccp_alpha': 0.0, 'bootstrap': True}",0.39026788383485944,0.7756663375922389,0.37773555355536176,0.5080559306610563,0.7443069982644831,0.6406788080905959,0.7017398188852142,96.45341143699198
"{'n_estimators': 300, 'min_samples_split': 10, 'min_samples_leaf': 4, 'max_features': 'sqrt', 'max_depth': 5, 'criterion': 'entropy', 'class_weight': 'balanced_subsample', 'ccp_alpha': 0.0, 'bootstrap': True}",0.3909797158233776,0.7707061525605305,0.38004857312004664,0.509064960114943,0.7441368481068403,0.6392779778144431,0.6988662890030862,96.07304391205538
"{'n_estimators': 3000, 'min_samples_split': 10, 'min_samples_leaf': 1, 'max_features': 'sqrt', 'max_depth': 10, 'criterion': 'entropy', 'class_weight': 'balanced_subsample', 'ccp_alpha': 0.0, 'bootstrap': True}",0.4283816186420444,0.7929624294171206,0.40482810862029533,0.536008693334649,0.7655340460790899,0.6653741679200814,0.7235869096181236,99.53764837272684
"{'n_estimators': 100, 'min_samples_split': 10, 'min_samples_leaf': 4, 'max_features': 'log2', 'max_depth': 3, 'criterion': 'entropy', 'class_weight': 'balanced_subsample', 'ccp_alpha': 0.01, 'bootstrap': True}",0.3485217550827404,0.74579271916795,0.3530159636508455,0.47919627090607886,0.7193543735385752,0.6100321167574384,0.6711140197308044,92.23007009933728
"{'n_estimators': 3000, 'min_samples_split': 10, 'min_samples_leaf': 1, 'max_features': 'log2', 'max_depth': 10, 'criterion': 'gini', 'class_weight': 'balanced_subsample', 'ccp_alpha': 0.01, 'bootstrap': True}",0.35967571502930235,0.7719784778785642,0.35386567608212766,0.48527936318348913,0.727653708250636,0.6244152620324833,0.6903992304862531,94.8911315919628
"{'n_estimators': 1500, 'min_samples_split': 2, 'min_samples_leaf': 2, 'max_features': 'log2', 'max_depth': 5, 'criterion': 'entropy', 'class_weight': 'balanced_subsample', 'ccp_alpha': 0.01, 'bootstrap': True}",0.36623142412099474,0.7736371708115314,0.358570405498539,0.4900218831962177,0.7313718424520227,0.6282007233335346,0.6933745984311243,95.29223735608008
"{'n_estimators': 100, 'min_samples_split': 2, 'min_samples_leaf': 4, 'max_features': 'log2', 'max_depth': 5, 'criterion': 'gini', 'class_weight': 'balanced_subsample', 'ccp_alpha': 0.01, 'bootstrap': True}",0.3522719568560711,0.7427811653904216,0.35697554367049616,0.4821915437115347,0.7210792697819767,0.6107443056400721,0.670319956902865,92.12689372256698
"{'n_estimators': 300, 'min_samples_split': 2, 'min_samples_leaf': 4, 'max_features': 'log2', 'max_depth': 10, 'criterion': 'gini', 'class_weight': 'balanced_subsample', 'ccp_alpha': 0.01, 'bootstrap': True}",0.35262640362747466,0.7660843830848346,0.3501322402776021,0.48056872300827447,0.7232776544398299,0.6189570242316188,0.6846985124383109,94.11505032236357
"{'n_estimators': 2000, 'min_samples_split': 5, 'min_samples_leaf': 1, 'max_features': 'log2', 'max_depth': 3, 'criterion': 'entropy', 'class_weight': 'balanced_subsample', 'ccp_alpha': 0.0, 'bootstrap': True}",0.3765352635608021,0.7514292879396388,0.3743106727671825,0.49970325180146596,0.7346286597942435,0.6254090459583174,0.6826519186552747,93.858462432323
"{'n_estimators': 600, 'min_samples_split': 5, 'min_samples_leaf': 2, 'max_features': 'log2', 'max_depth': 3, 'criterion': 'entropy', 'class_weight': 'balanced_subsample', 'ccp_alpha': 0.0, 'bootstrap': True}",0.3747904030809053,0.7520251244825165,0.3726307018701192,0.49833492757047093,0.733797832920624,0.6247974364958374,0.6825329292934527,93.83404754175758
"{'n_estimators': 600, 'min_samples_split': 5, 'min_samples_leaf': 1, 'max_features': 'log2', 'max_depth': 10, 'criterion': 'gini', 'class_weight': 'balanced_subsample', 'ccp_alpha': 0.0, 'bootstrap': True}",0.4217677735869955,0.7843465651154844,0.40213229249335586,0.5316753567320295,0.7611899333461306,0.6590622013823754,0.7162671141996193,98.54127113621622
"{'n_estimators': 100, 'min_samples_split': 5, 'min_samples_leaf': 4, 'max_features': 'sqrt', 'max_depth': 3, 'criterion': 'entropy', 'class_weight': 'balanced_subsample', 'ccp_alpha': 0.0, 'bootstrap': True}",0.36880008912839246,0.7358402659155784,0.3729641492875488,0.49502147434947136,0.7289614035557266,0.6159747570747233,0.6705929619545579,92.23223405593528
"{'n_estimators': 3000, 'min_samples_split': 10, 'min_samples_leaf': 1, 'max_features': 'log2', 'max_depth': 3, 'criterion': 'entropy', 'class_weight': 'balanced_subsample', 'ccp_alpha': 0.01, 'bootstrap': True}",0.36275982364997245,0.7554714328573305,0.3615083469251916,0.4890107942056581,0.7278567277345239,0.6202746756507544,0.6812295099983784,93.62256063199264
"{'n_estimators': 3000, 'min_samples_split': 10, 'min_samples_leaf': 1, 'max_features': 'log2', 'max_depth': 3, 'criterion': 'entropy', 'class_weight': 'balanced_subsample', 'ccp_alpha': 0.0, 'bootstrap': True}",0.3766638675690232,0.7519768308647649,0.37423580855451616,0.49975746504903046,0.7347541019643616,0.6256704963804226,0.6830335936253692,93.90947351420228
"{'n_estimators': 2000, 'min_samples_split': 5, 'min_samples_leaf': 4, 'max_features': 'sqrt', 'max_depth': 10, 'criterion': 'gini', 'class_weight': 'balanced_subsample', 'ccp_alpha': 0.0, 'bootstrap': True}",0.4287960338541621,0.7931878948133183,0.4051155402776985,0.5363120537185608,0.7657661659755285,0.6656563444713937,0.7238476199012717,99.57456649521676
"{'n_estimators': 300, 'min_samples_split': 10, 'min_samples_leaf': 1, 'max_features': 'log2', 'max_depth': 10, 'criterion': 'entropy', 'class_weight': 'balanced_subsample', 'ccp_alpha': 0.01, 'bootstrap': True}",0.3654470603732844,0.7781947435658224,0.35652095547106405,0.4890048066725858,0.7313280248937613,0.6293228983992325,0.6958850790114735,95.64552213013546
"{'n_estimators': 600, 'min_samples_split': 5, 'min_samples_leaf': 4, 'max_features': 'log2', 'max_depth': 10, 'criterion': 'entropy', 'class_weight': 'balanced_subsample', 'ccp_alpha': 0.01, 'bootstrap': True}",0.36645355460250756,0.7860375194081858,0.35487917956809173,0.4889859579345049,0.7325161740722054,0.6323715923731097,0.7008799015720782,96.34771091922318
"{'n_estimators': 300, 'min_samples_split': 10, 'min_samples_leaf': 4, 'max_features': 'sqrt', 'max_depth': 10, 'criterion': 'gini', 'class_weight': 'balanced_subsample', 'ccp_alpha': 0.0, 'bootstrap': True}",0.42868812197993317,0.7912231566094404,0.40576584723604375,0.5364314409946233,0.7654603192656597,0.6648988493033366,0.722581420093814,99.41060802274622
"{'n_estimators': 300, 'min_samples_split': 10, 'min_samples_leaf': 2, 'max_features': 'log2', 'max_depth': 10, 'criterion': 'gini', 'class_weight': 'balanced_subsample', 'ccp_alpha': 0.0, 'bootstrap': True}",0.42222445442652057,0.7841050184448538,0.4026381627767108,0.5320591236433911,0.7613802937852183,0.6591940113627008,0.7162437774686538,98.54240998332091
"{'n_estimators': 100, 'min_samples_split': 5, 'min_samples_leaf': 1, 'max_features': 'log2', 'max_depth': 3, 'criterion': 'gini', 'class_weight': 'balanced_subsample', 'ccp_alpha': 0.01, 'bootstrap': True}",0.34309007780896095,0.7381432430607661,0.3509850597317145,0.4757495986479052,0.7157593696589802,0.6047293238820367,0.6648085987349065,91.36357729266233
"{'n_estimators': 300, 'min_samples_split': 10, 'min_samples_leaf': 1, 'max_features': 'sqrt', 'max_depth': 5, 'criterion': 'gini', 'class_weight': 'balanced_subsample', 'ccp_alpha': 0.0, 'bootstrap': True}",0.39125439931072464,0.7707383649038495,0.38027189873253436,0.5092725633200459,0.7442813858616147,0.6394223820561141,0.6989658636275431,96.08743142701167
"{'n_estimators': 100, 'min_samples_split': 5, 'min_samples_leaf': 1, 'max_features': 'log2', 'max_depth': 5, 'criterion': 'gini', 'class_weight': 'balanced_subsample', 'ccp_alpha': 0.01, 'bootstrap': True}",0.3523342543054912,0.7428617071412559,0.3570104308256668,0.4822376913672029,0.721115922483348,0.6108048530812581,0.670388738589701,92.13669225540893
"{'n_estimators': 600, 'min_samples_split': 2, 'min_samples_leaf': 2, 'max_features': 'log2', 'max_depth': 3, 'criterion': 'entropy', 'class_weight': 'balanced_subsample', 'ccp_alpha': 0.0, 'bootstrap': True}",0.3747904030809053,0.7520251244825165,0.3726307018701192,0.49833492757047093,0.733797832920624,0.6247974364958374,0.6825329292934527,93.83404754175758
"{'n_estimators': 100, 'min_samples_split': 5, 'min_samples_leaf': 2, 'max_features': 'log2', 'max_depth': 10, 'criterion': 'entropy', 'class_weight': 'balanced_subsample', 'ccp_alpha': 0.0, 'bootstrap': True}",0.42260475367603084,0.7796762686105351,0.4046537196043993,0.5327888403122044,0.7609928925242185,0.657757714105223,0.7135466199189214,98.20031284127349
"{'n_estimators': 3000, 'min_samples_split': 2, 'min_samples_leaf': 2, 'max_features': 'log2', 'max_depth': 10, 'criterion': 'entropy', 'class_weight': 'balanced_subsample', 'ccp_alpha': 0.0, 'bootstrap': True}",0.4214886239308003,0.7836057815860928,0.402159314750612,0.5315290731566731,0.7609588274118327,0.6586586456303882,0.7157199509138135,98.46854389613988
"{'n_estimators': 600, 'min_samples_split': 10, 'min_samples_leaf': 1, 'max_features': 'sqrt', 'max_depth': 3, 'criterion': 'entropy', 'class_weight': 'balanced_subsample', 'ccp_alpha': 0.01, 'bootstrap': True}",0.35646230966944786,0.7646670656540634,0.35355871490348106,0.4835415256211835,0.7252931641085913,0.6203911131967805,0.6850146212354296,94.14464231058041
"{'n_estimators': 2000, 'min_samples_split': 10, 'min_samples_leaf': 4, 'max_features': 'log2', 'max_depth': 5, 'criterion': 'gini', 'class_weight': 'balanced_subsample', 'ccp_alpha': 0.01, 'bootstrap': True}",0.3580944567730458,0.7681778368393943,0.35377671466366084,0.48444505206377775,0.7264769420076679,0.6223710151178815,0.6876298210269912,94.50661941712247
"{'n_estimators': 600, 'min_samples_split': 2, 'min_samples_leaf': 4, 'max_features': 'sqrt', 'max_depth': 3, 'criterion': 'entropy', 'class_weight': 'balanced_subsample', 'ccp_alpha': 0.01, 'bootstrap': True}",0.35646230966944786,0.7646670656540634,0.35355871490348106,0.4835415256211835,0.7252931641085913,0.6203911131967805,0.6850146212354296,94.14464231058041
"{'n_estimators': 1000, 'min_samples_split': 5, 'min_samples_leaf': 2, 'max_features': 'log2', 'max_depth': 5, 'criterion': 'entropy', 'class_weight': 'balanced_subsample', 'ccp_alpha': 0.0, 'bootstrap': True}",0.3898555510559578,0.7656494254195424,0.3808331085005729,0.5086592648001097,0.7430031390386014,0.6369305190207534,0.6953834644575676,95.60659796698287
"{'n_estimators': 600, 'min_samples_split': 5, 'min_samples_leaf': 4, 'max_features': 'sqrt', 'max_depth': 3, 'criterion': 'gini', 'class_weight': 'balanced_subsample', 'ccp_alpha': 0.01, 'bootstrap': True}",0.35176991049448564,0.7681939414549771,0.34879812919957115,0.47975781378637045,0.7229974610601029,0.6192668846540497,0.6857369990034026,94.25930060547626
"{'n_estimators': 1500, 'min_samples_split': 2, 'min_samples_leaf': 1, 'max_features': 'log2', 'max_depth': 3, 'criterion': 'gini', 'class_weight': 'balanced_subsample', 'ccp_alpha': 0.0, 'bootstrap': True}",0.37586423170495964,0.7510910949025912,0.3738548465317346,0.49922212095093793,0.7342479228971969,0.6249669243062356,0.6822489528085173,93.80185181684584
"{'n_estimators': 1000, 'min_samples_split': 10, 'min_samples_leaf': 1, 'max_features': 'sqrt', 'max_depth': 5, 'criterion': 'gini', 'class_weight': 'balanced_subsample', 'ccp_alpha': 0.01, 'bootstrap': True}",0.35313547613630775,0.7895321462979785,0.3435256318167645,0.4787420243671816,0.725282364530571,0.6267713995457547,0.6987982548589184,96.12949622063609
"{'n_estimators': 1000, 'min_samples_split': 2, 'min_samples_leaf': 4, 'max_features': 'sqrt', 'max_depth': 10, 'criterion': 'gini', 'class_weight': 'balanced_subsample', 'ccp_alpha': 0.0, 'bootstrap': True}",0.42906883665015866,0.7929624395316188,0.40544765956674067,0.5365509779488042,0.7658705054343763,0.6657079539248231,0.7237841618401241,99.56862693149891
"{'n_estimators': 2000, 'min_samples_split': 10, 'min_samples_leaf': 1, 'max_features': 'sqrt', 'max_depth': 5, 'criterion': 'entropy', 'class_weight': 'balanced_subsample', 'ccp_alpha': 0.01, 'bootstrap': True}",0.36045023315135144,0.7874708021856772,0.3497440624043027,0.4843643511969355,0.7292840174237326,0.6298189664837744,0.6998766793940049,96.23428333878286
"{'n_estimators': 2000, 'min_samples_split': 10, 'min_samples_leaf': 1, 'max_features': 'sqrt', 'max_depth': 10, 'criterion': 'gini', 'class_weight': 'balanced_subsample', 'ccp_alpha': 0.0, 'bootstrap': True}",0.42900245528269787,0.7926564386088933,0.40550416146592133,0.5365311206738183,0.7657989040629741,0.6655667610402474,0.7235733565895189,99.54085193418541
"{'n_estimators': 3000, 'min_samples_split': 5, 'min_samples_leaf': 1, 'max_features': 'log2', 'max_depth': 10, 'criterion': 'gini', 'class_weight': 'balanced_subsample', 'ccp_alpha': 0.01, 'bootstrap': True}",0.3583751291170298,0.771769117097949,0.35290459083122205,0.4843322333219408,0.7269213441919051,0.623704398623174,0.6898805642803102,94.82214125135602
"{'n_estimators': 600, 'min_samples_split': 5, 'min_samples_leaf': 4, 'max_features': 'sqrt', 'max_depth': 3, 'criterion': 'gini', 'class_weight': 'balanced_subsample', 'ccp_alpha': 0.0, 'bootstrap': True}",0.37213648501434243,0.7562444870829165,0.3690059866609166,0.4959904421628638,0.732863157861242,0.6250518550625581,0.6844173344063679,94.07474804133749
"{'n_estimators': 3000, 'min_samples_split': 2, 'min_samples_leaf': 4, 'max_features': 'sqrt', 'max_depth': 3, 'criterion': 'entropy', 'class_weight': 'balanced_subsample', 'ccp_alpha': 0.0, 'bootstrap': True}",0.3725415166404031,0.7598035316570021,0.36817151084503674,0.4959989883969594,0.733437960082214,0.62651406440333,0.6867508975976765,94.38892870795205
"{'n_estimators': 300, 'min_samples_split': 5, 'min_samples_leaf': 4, 'max_features': 'sqrt', 'max_depth': 3, 'criterion': 'entropy', 'class_weight': 'balanced_subsample', 'ccp_alpha': 0.0, 'bootstrap': True}",0.37057382642522835,0.7527015315636468,0.36886690625949115,0.49510038106373716,0.7316849943854077,0.6230327002862892,0.6817554999920414,93.71349846933924
"{'n_estimators': 600, 'min_samples_split': 5, 'min_samples_leaf': 4, 'max_features': 'log2', 'max_depth': 5, 'criterion': 'gini', 'class_weight': 'balanced_subsample', 'ccp_alpha': 0.0, 'bootstrap': True}",0.38988489114721886,0.7685804102148945,0.37984504165215455,0.508420069333842,0.7433435044652651,0.6379945431061839,0.6972256508650179,95.8502931040972
"{'n_estimators': 600, 'min_samples_split': 2, 'min_samples_leaf': 2, 'max_features': 'sqrt', 'max_depth': 5, 'criterion': 'entropy', 'class_weight': 'balanced_subsample', 'ccp_alpha': 0.0, 'bootstrap': True}",0.39073584625766755,0.7716080118112071,0.37952679797747185,0.5087949891402909,0.7441120439057802,0.6394808618179127,0.6993585489276603,96.13714107999431
"{'n_estimators': 1000, 'min_samples_split': 10, 'min_samples_leaf': 2, 'max_features': 'sqrt', 'max_depth': 3, 'criterion': 'entropy', 'class_weight': 'balanced_subsample', 'ccp_alpha': 0.0, 'bootstrap': True}",0.37172581352482864,0.7606731668937846,0.3672103021928828,0.4953099349991387,0.733096765093122,0.626427712353374,0.687053864473626,94.42783179902261
"{'n_estimators': 300, 'min_samples_split': 5, 'min_samples_leaf': 1, 'max_features': 'log2', 'max_depth': 10, 'criterion': 'entropy', 'class_weight': 'balanced_subsample', 'ccp_alpha': 0.0, 'bootstrap': True}",0.42222725497928243,0.7828488623195851,0.40311031945375597,0.5321842761137681,0.7612225232597227,0.6587394358281654,0.7154517149116076,98.4404022046463
"{'n_estimators': 600, 'min_samples_split': 2, 'min_samples_leaf': 4, 'max_features': 'sqrt', 'max_depth': 10, 'criterion': 'entropy', 'class_weight': 'balanced_subsample', 'ccp_alpha': 0.0, 'bootstrap': True}",0.4280212307649047,0.7921894109812982,0.40479750935142644,0.5358046114279876,0.7652578797336406,0.6649214131712662,0.7229972453176695,99.45881656570113
"{'n_estimators': 1000, 'min_samples_split': 2, 'min_samples_leaf': 2, 'max_features': 'sqrt', 'max_depth': 5, 'criterion': 'gini', 'class_weight': 'balanced_subsample', 'ccp_alpha': 0.01, 'bootstrap': True}",0.35274553654444524,0.7900474722115556,0.34307785327583123,0.4784016899964671,0.7250932305524503,0.6267327378687177,0.6989760151794134,96.15863988494709
"{'n_estimators': 100, 'min_samples_split': 5, 'min_samples_leaf': 4, 'max_features': 'sqrt', 'max_depth': 10, 'criterion': 'gini', 'class_weight': 'balanced_subsample', 'ccp_alpha': 0.01, 'bootstrap': True}",0.3447329244264797,0.7609309146567521,0.34547894460131023,0.4751981511701206,0.7185374759962381,0.6133936485495026,0.6792416526345507,93.36703869574073
"{'n_estimators': 2000, 'min_samples_split': 2, 'min_samples_leaf': 2, 'max_features': 'sqrt', 'max_depth': 5, 'criterion': 'entropy', 'class_weight': 'balanced_subsample', 'ccp_alpha': 0.01, 'bootstrap': True}",0.36045558946176826,0.7875996297738798,0.3497098421244489,0.4843555016589338,0.7292959722390947,0.6298621319090628,0.6999541236572696,96.24545508361041
"{'n_estimators': 100, 'min_samples_split': 5, 'min_samples_leaf': 4, 'max_features': 'sqrt', 'max_depth': 3, 'criterion': 'gini', 'class_weight': 'balanced_subsample', 'ccp_alpha': 0.0, 'bootstrap': True}",0.36896029723995927,0.7366937957587397,0.37281401998206515,0.49508270969518,0.7291385406186458,0.6163717506051783,0.6711827127580481,92.31008057497723
"{'n_estimators': 100, 'min_samples_split': 5, 'min_samples_leaf': 1, 'max_features': 'log2', 'max_depth': 3, 'criterion': 'gini', 'class_weight': 'balanced_subsample', 'ccp_alpha': 0.0, 'bootstrap': True}",0.36485651035708894,0.7391094608648215,0.36853607824511164,0.4918324704563635,0.7273038217272187,0.6153565024402748,0.6715793902185943,92.33774999873775
"{'n_estimators': 100, 'min_samples_split': 10, 'min_samples_leaf': 4, 'max_features': 'log2', 'max_depth': 3, 'criterion': 'entropy', 'class_weight': 'balanced_subsample', 'ccp_alpha': 0.0, 'bootstrap': True}",0.36529637444611707,0.7400113053327698,0.36860968831995716,0.49209753056362654,0.7276263127314632,0.6158974427224037,0.672273801752923,92.43161494927483
"{'n_estimators': 100, 'min_samples_split': 10, 'min_samples_leaf': 2, 'max_features': 'sqrt', 'max_depth': 3, 'criterion': 'entropy', 'class_weight': 'balanced_subsample', 'ccp_alpha': 0.0, 'bootstrap': True}",0.3687949211084278,0.7358241620780338,0.3729651437982278,0.4950186844674706,0.7289569694379826,0.6159662449743645,0.6705812268061879,92.23067339771478
"{'n_estimators': 100, 'min_samples_split': 10, 'min_samples_leaf': 2, 'max_features': 'log2', 'max_depth': 10, 'criterion': 'gini', 'class_weight': 'balanced_subsample', 'ccp_alpha': 0.0, 'bootstrap': True}",0.4212192282222798,0.7782430846439129,0.4039454274591659,0.5318305766088695,0.760127976431446,0.656555714844587,0.7122376352897758,98.02157983734958
"{'n_estimators': 3000, 'min_samples_split': 10, 'min_samples_leaf': 1, 'max_features': 'sqrt', 'max_depth': 5, 'criterion': 'entropy', 'class_weight': 'balanced_subsample', 'ccp_alpha': 0.01, 'bootstrap': True}",0.36055352680606645,0.7889040942996285,0.34939107253584983,0.4842961977752191,0.7294453353420357,0.6303224173466048,0.7007534337943205,96.35996305675535
"{'n_estimators': 2000, 'min_samples_split': 10, 'min_samples_leaf': 2, 'max_features': 'sqrt', 'max_depth': 5, 'criterion': 'entropy', 'class_weight': 'balanced_subsample', 'ccp_alpha': 0.01, 'bootstrap': True}",0.3605919120371615,0.7878089905544948,0.34975156379704114,0.4844354768550095,0.729387991562652,0.6299968380708797,0.7001200600090534,96.26847724530153
"{'n_estimators': 300, 'min_samples_split': 2, 'min_samples_leaf': 1, 'max_features': 'log2', 'max_depth': 3, 'criterion': 'gini', 'class_weight': 'balanced_subsample', 'ccp_alpha': 0.01, 'bootstrap': True}",0.3476017146151329,0.7479668422716315,0.35161783723042045,0.4783539742549528,0.7190504045145332,0.6103568415468249,0.6721901976969776,92.37757608868418
"{'n_estimators': 1000, 'min_samples_split': 10, 'min_samples_leaf': 4, 'max_features': 'log2', 'max_depth': 3, 'criterion': 'entropy', 'class_weight': 'balanced_subsample', 'ccp_alpha': 0.0, 'bootstrap': True}",0.37564931273294816,0.7531363445138081,0.37298550984948525,0.4988961110439341,0.7343588694218544,0.6256104655946664,0.6834757012086102,93.96290994385508
"{'n_estimators': 2000, 'min_samples_split': 10, 'min_samples_leaf': 4, 'max_features': 'log2', 'max_depth': 3, 'criterion': 'gini', 'class_weight': 'balanced_subsample', 'ccp_alpha': 0.0, 'bootstrap': True}",0.3758829214852857,0.7512038272116709,0.3738323662862262,0.4992270177118105,0.7342699210610223,0.6250168483115762,0.6823252138712604,93.81200103547839
"{'n_estimators': 600, 'min_samples_split': 10, 'min_samples_leaf': 1, 'max_features': 'sqrt', 'max_depth': 3, 'criterion': 'gini', 'class_weight': 'balanced_subsample', 'ccp_alpha': 0.01, 'bootstrap': True}",0.35176991049448564,0.7681939414549771,0.34879812919957115,0.47975781378637045,0.7229974610601029,0.6192668846540497,0.6857369990034026,94.25930060547626
"{'n_estimators': 100, 'min_samples_split': 2, 'min_samples_leaf': 1, 'max_features': 'sqrt', 'max_depth': 3, 'criterion': 'gini', 'class_weight': 'balanced_subsample', 'ccp_alpha': 0.01, 'bootstrap': True}",0.3407664566085605,0.7248571717285897,0.3531579421010262,0.4749046481354677,0.7132894434290676,0.5987795888573695,0.6558099028967507,90.14361427791027
"{'n_estimators': 300, 'min_samples_split': 5, 'min_samples_leaf': 4, 'max_features': 'log2', 'max_depth': 10, 'criterion': 'gini', 'class_weight': 'balanced_subsample', 'ccp_alpha': 0.0, 'bootstrap': True}",0.42136842956144066,0.7836057924786296,0.40205778526253044,0.5314343900636523,0.7608955261108088,0.6585968541423923,0.715682507577422,98.46346851098947
"{'n_estimators': 3000, 'min_samples_split': 2, 'min_samples_leaf': 4, 'max_features': 'sqrt', 'max_depth': 5, 'criterion': 'gini', 'class_weight': 'balanced_subsample', 'ccp_alpha': 0.01, 'bootstrap': True}",0.35431978352894183,0.7879700437126681,0.34488200590135953,0.4797733935140583,0.7258579802600321,0.626888874504843,0.6982597241144409,96.04110466633477
"{'n_estimators': 100, 'min_samples_split': 5, 'min_samples_leaf': 1, 'max_features': 'log2', 'max_depth': 3, 'criterion': 'entropy', 'class_weight': 'balanced_subsample', 'ccp_alpha': 0.01, 'bootstrap': True}",0.3485217550827404,0.74579271916795,0.3530159636508455,0.47919627090607886,0.7193543735385752,0.6100321167574384,0.6711140197308044,92.23007009933728
"{'n_estimators': 3000, 'min_samples_split': 5, 'min_samples_leaf': 1, 'max_features': 'log2', 'max_depth': 3, 'criterion': 'gini', 'class_weight': 'balanced_subsample', 'ccp_alpha': 0.0, 'bootstrap': True}",0.37614337993270525,0.7514936986215867,0.3739564925916687,0.4994016617044079,0.7344347540433948,0.6252467136701066,0.6825817566592028,93.84719449174209
"{'n_estimators': 2000, 'min_samples_split': 10, 'min_samples_leaf': 2, 'max_features': 'sqrt', 'max_depth': 10, 'criterion': 'gini', 'class_weight': 'balanced_subsample', 'ccp_alpha': 0.01, 'bootstrap': True}",0.3562582056638955,0.7883565389258891,0.3462467231112396,0.4811626900707999,0.7269828011083717,0.6279823117042728,0.6990891331690161,96.1479900481509
"{'n_estimators': 1500, 'min_samples_split': 10, 'min_samples_leaf': 4, 'max_features': 'log2', 'max_depth': 5, 'criterion': 'entropy', 'class_weight': 'balanced_subsample', 'ccp_alpha': 0.01, 'bootstrap': True}",0.3663834960706347,0.7744585178768305,0.3584335382637871,0.49005886770838175,0.7315256553314035,0.6285499956206059,0.693917237772597,95.36752870087241
"{'n_estimators': 300, 'min_samples_split': 2, 'min_samples_leaf': 4, 'max_features': 'sqrt', 'max_depth': 3, 'criterion': 'entropy', 'class_weight': 'balanced_subsample', 'ccp_alpha': 0.01, 'bootstrap': True}",0.3538197288233757,0.7596747087370296,0.35299683769707113,0.4820112472706906,0.7234282839586913,0.6174072218225687,0.6811911327113876,93.61731275855652
"{'n_estimators': 600, 'min_samples_split': 10, 'min_samples_leaf': 4, 'max_features': 'log2', 'max_depth': 5, 'criterion': 'gini', 'class_weight': 'balanced_subsample', 'ccp_alpha': 0.0, 'bootstrap': True}",0.39038253834171205,0.7689508093709545,0.3801429201946287,0.5087679515448688,0.743639046071559,0.6383668023690184,0.6976003544016164,95.90222694682689
"{'n_estimators': 100, 'min_samples_split': 5, 'min_samples_leaf': 4, 'max_features': 'log2', 'max_depth': 3, 'criterion': 'entropy', 'class_weight': 'balanced_subsample', 'ccp_alpha': 0.0, 'bootstrap': True}",0.36529637444611707,0.7400113053327698,0.36860968831995716,0.49209753056362654,0.7276263127314632,0.6158974427224037,0.672273801752923,92.43161494927483
"{'n_estimators': 600, 'min_samples_split': 2, 'min_samples_leaf': 2, 'max_features': 'sqrt', 'max_depth': 10, 'criterion': 'gini', 'class_weight': 'balanced_subsample', 'ccp_alpha': 0.0, 'bootstrap': True}",0.4297965779031197,0.7918512311709023,0.4065333120915621,0.5372431809054906,0.7660800609884943,0.6656618279516586,0.723293360243011,99.51178872166834
"{'n_estimators': 1500, 'min_samples_split': 5, 'min_samples_leaf': 2, 'max_features': 'log2', 'max_depth': 10, 'criterion': 'gini', 'class_weight': 'balanced_subsample', 'ccp_alpha': 0.01, 'bootstrap': True}",0.35723841306042226,0.7753281756767247,0.3509231414474103,0.483158525350716,0.7265790460375623,0.6243144991464198,0.6916739596148949,95.078974640043
"{'n_estimators': 1500, 'min_samples_split': 10, 'min_samples_leaf': 4, 'max_features': 'log2', 'max_depth': 3, 'criterion': 'gini', 'class_weight': 'balanced_subsample', 'ccp_alpha': 0.0, 'bootstrap': True}",0.37588005055271484,0.7511071995181738,0.3738628530009617,0.49923281653847323,0.7342577840858698,0.6249803192563393,0.6822635781439859,93.80386260186548
"{'n_estimators': 300, 'min_samples_split': 5, 'min_samples_leaf': 2, 'max_features': 'sqrt', 'max_depth': 3, 'criterion': 'gini', 'class_weight': 'balanced_subsample', 'ccp_alpha': 0.0, 'bootstrap': True}",0.3708215875493091,0.7532490822691562,0.36889129807323745,0.4952426281623281,0.731871944123352,0.6233490638027134,0.6821698259080374,93.76947313057748
"{'n_estimators': 3000, 'min_samples_split': 5, 'min_samples_leaf': 4, 'max_features': 'log2', 'max_depth': 5, 'criterion': 'gini', 'class_weight': 'balanced_subsample', 'ccp_alpha': 0.0, 'bootstrap': True}",0.39060784613749316,0.7639745671840018,0.38206223091407976,0.5093828547617405,0.7431967766958678,0.6366869310936124,0.6945469791008078,95.50056826410417
"{'n_estimators': 300, 'min_samples_split': 5, 'min_samples_leaf': 1, 'max_features': 'log2', 'max_depth': 10, 'criterion': 'gini', 'class_weight': 'balanced_subsample', 'ccp_alpha': 0.01, 'bootstrap': True}",0.35549902409770456,0.7688703928842929,0.35155213525439505,0.48245708463309683,0.7250812699988983,0.6213028981200773,0.6872470206252759,94.46464605114905
"{'n_estimators': 100, 'min_samples_split': 2, 'min_samples_leaf': 4, 'max_features': 'sqrt', 'max_depth': 5, 'criterion': 'gini', 'class_weight': 'balanced_subsample', 'ccp_alpha': 0.0, 'bootstrap': True}",0.393575272628999,0.7680650983060078,0.38320134030802405,0.5112892757084003,0.7451588346197813,0.6395733291733966,0.6979522273323738,95.96657684600198
"{'n_estimators': 600, 'min_samples_split': 2, 'min_samples_leaf': 1, 'max_features': 'log2', 'max_depth': 3, 'criterion': 'gini', 'class_weight': 'balanced_subsample', 'ccp_alpha': 0.0, 'bootstrap': True}",0.37407571719307264,0.751751356910145,0.37211868130070275,0.4978168094279805,0.7334004695807209,0.6243581850472802,0.6821580595860208,93.78106975604965
"{'n_estimators': 100, 'min_samples_split': 2, 'min_samples_leaf': 4, 'max_features': 'sqrt', 'max_depth': 3, 'criterion': 'entropy', 'class_weight': 'balanced_subsample', 'ccp_alpha': 0.0, 'bootstrap': True}",0.36880008912839246,0.7358402659155784,0.3729641492875488,0.49502147434947136,0.7289614035557266,0.6159747570747233,0.6705929619545579,92.23223405593528
"{'n_estimators': 1500, 'min_samples_split': 2, 'min_samples_leaf': 1, 'max_features': 'log2', 'max_depth': 5, 'criterion': 'entropy', 'class_weight': 'balanced_subsample', 'ccp_alpha': 0.0, 'bootstrap': True}",0.3901575663811876,0.7655849952866359,0.3811141808054787,0.5088957940610865,0.7431500046911278,0.6370521357992718,0.6954293790920284,95.61420856893754
"{'n_estimators': 1000, 'min_samples_split': 10, 'min_samples_leaf': 2, 'max_features': 'sqrt', 'max_depth': 10, 'criterion': 'gini', 'class_weight': 'balanced_subsample', 'ccp_alpha': 0.01, 'bootstrap': True}",0.35611400659325093,0.790691724524204,0.34544272421126415,0.48082016567033675,0.7270596410329428,0.628637116657786,0.7004127636495371,96.34130866298362
"{'n_estimators': 2000, 'min_samples_split': 5, 'min_samples_leaf': 4, 'max_features': 'sqrt', 'max_depth': 5, 'criterion': 'entropy', 'class_weight': 'balanced_subsample', 'ccp_alpha': 0.01, 'bootstrap': True}",0.3607124267498718,0.7881149658019551,0.349752525091977,0.48449413931094815,0.7294776679236117,0.6301538454984287,0.7003378147241843,96.29912283479435
"{'n_estimators': 100, 'min_samples_split': 2, 'min_samples_leaf': 2, 'max_features': 'sqrt', 'max_depth': 5, 'criterion': 'entropy', 'class_weight': 'balanced_subsample', 'ccp_alpha': 0.01, 'bootstrap': True}",0.3563526370290296,0.7734439449899942,0.35079888384807073,0.4826684982306179,0.7259390207905949,0.6232496433145974,0.6902693258753406,94.88433869140296
"{'n_estimators': 1500, 'min_samples_split': 2, 'min_samples_leaf': 2, 'max_features': 'sqrt', 'max_depth': 3, 'criterion': 'entropy', 'class_weight': 'balanced_subsample', 'ccp_alpha': 0.01, 'bootstrap': True}",0.3560716483492678,0.7688863683455113,0.3519654121421178,0.4828815830118887,0.725423887951098,0.6216135644820405,0.6874501243908752,94.48690744165702
"{'n_estimators': 100, 'min_samples_split': 5, 'min_samples_leaf': 2, 'max_features': 'sqrt', 'max_depth': 10, 'criterion': 'gini', 'class_weight': 'balanced_subsample', 'ccp_alpha': 0.01, 'bootstrap': True}",0.3471752664841052,0.754376478495558,0.3493500380940869,0.4775210195529991,0.7193483492632448,0.6123438893293197,0.6759744879830939,92.90514975426015
"{'n_estimators': 100, 'min_samples_split': 2, 'min_samples_leaf': 4, 'max_features': 'sqrt', 'max_depth': 3, 'criterion': 'gini', 'class_weight': 'balanced_subsample', 'ccp_alpha': 0.01, 'bootstrap': True}",0.3407664566085605,0.7248571717285897,0.3531579421010262,0.4749046481354677,0.7132894434290676,0.5987795888573695,0.6558099028967507,90.14361427791027
"{'n_estimators': 100, 'min_samples_split': 5, 'min_samples_leaf': 1, 'max_features': 'log2', 'max_depth': 10, 'criterion': 'entropy', 'class_weight': 'balanced_subsample', 'ccp_alpha': 0.0, 'bootstrap': True}",0.42215701264103206,0.7793219997453232,0.4043970878154067,0.5324715629834643,0.7607198800426965,0.6574058289309743,0.7131893259937784,98.15205436530265
"{'n_estimators': 1000, 'min_samples_split': 2, 'min_samples_leaf': 4, 'max_features': 'log2', 'max_depth': 3, 'criterion': 'entropy', 'class_weight': 'balanced_subsample', 'ccp_alpha': 0.0, 'bootstrap': True}",0.37564931273294816,0.7531363445138081,0.37298550984948525,0.4988961110439341,0.7343588694218544,0.6256104655946664,0.6834757012086102,93.96290994385508
"{'n_estimators': 100, 'min_samples_split': 10, 'min_samples_leaf': 4, 'max_features': 'sqrt', 'max_depth': 3, 'criterion': 'gini', 'class_weight': 'balanced_subsample', 'ccp_alpha': 0.01, 'bootstrap': True}",0.3407664566085605,0.7248571717285897,0.3531579421010262,0.4749046481354677,0.7132894434290676,0.5987795888573695,0.6558099028967507,90.14361427791027
"{'n_estimators': 1500, 'min_samples_split': 5, 'min_samples_leaf': 4, 'max_features': 'log2', 'max_depth': 3, 'criterion': 'entropy', 'class_weight': 'balanced_subsample', 'ccp_alpha': 0.0, 'bootstrap': True}",0.37587831708516556,0.7506562741720465,0.374013132524865,0.4992671283947077,0.734207783702517,0.6248144660473459,0.6819787152519924,93.7662840434479
"{'n_estimators': 1000, 'min_samples_split': 5, 'min_samples_leaf': 4, 'max_features': 'log2', 'max_depth': 3, 'criterion': 'entropy', 'class_weight': 'balanced_subsample', 'ccp_alpha': 0.0, 'bootstrap': True}",0.37564931273294816,0.7531363445138081,0.37298550984948525,0.4988961110439341,0.7343588694218544,0.6256104655946664,0.6834757012086102,93.96290994385508
"{'n_estimators': 3000, 'min_samples_split': 5, 'min_samples_leaf': 2, 'max_features': 'log2', 'max_depth': 5, 'criterion': 'gini', 'class_weight': 'balanced_subsample', 'ccp_alpha': 0.01, 'bootstrap': True}",0.3600599084157297,0.7676624541290186,0.35550607061778333,0.4859574984322284,0.7275017469815599,0.6231620861961126,0.6879048932318494,94.54154894379103
"{'n_estimators': 1500, 'min_samples_split': 5, 'min_samples_leaf': 4, 'max_features': 'log2', 'max_depth': 10, 'criterion': 'gini', 'class_weight': 'balanced_subsample', 'ccp_alpha': 0.01, 'bootstrap': True}",0.35753338634952003,0.7764072230446528,0.3508277148014583,0.4832703799394558,0.7268219192448643,0.6248038347655752,0.6924021406177845,95.18210804453821
"{'n_estimators': 300, 'min_samples_split': 5, 'min_samples_leaf': 2, 'max_features': 'sqrt', 'max_depth': 10, 'criterion': 'gini', 'class_weight': 'balanced_subsample', 'ccp_alpha': 0.01, 'bootstrap': True}",0.35259319653318694,0.7852322333883225,0.3443940318187643,0.47876844692941517,0.7246735658503773,0.6251441263230605,0.6960968409842853,95.74292492977047
"{'n_estimators': 600, 'min_samples_split': 5, 'min_samples_leaf': 4, 'max_features': 'log2', 'max_depth': 5, 'criterion': 'entropy', 'class_weight': 'balanced_subsample', 'ccp_alpha': 0.0, 'bootstrap': True}",0.39039878224387287,0.7688380965128333,0.38019533616794937,0.5087904363854444,0.7436351472469614,0.6383344873945097,0.6975347128276214,95.89357645968079
"{'n_estimators': 600, 'min_samples_split': 5, 'min_samples_leaf': 2, 'max_features': 'sqrt', 'max_depth': 10, 'criterion': 'entropy', 'class_weight': 'balanced_subsample', 'ccp_alpha': 0.0, 'bootstrap': True}",0.42863043913800825,0.7910299051126382,0.40578727266743014,0.5364056248581336,0.7654071072473919,0.6648010273820725,0.7224430469703833,99.39235414463532
"{'n_estimators': 1500, 'min_samples_split': 2, 'min_samples_leaf': 2, 'max_features': 'log2', 'max_depth': 5, 'criterion': 'gini', 'class_weight': 'balanced_subsample', 'ccp_alpha': 0.01, 'bootstrap': True}",0.35824141197007275,0.7665352010616712,0.35439909914986717,0.4846990473549074,0.7264189765037372,0.6218897602638155,0.686677405162691,94.37347506366048
"{'n_estimators': 600, 'min_samples_split': 2, 'min_samples_leaf': 4, 'max_features': 'sqrt', 'max_depth': 3, 'criterion': 'gini', 'class_weight': 'balanced_subsample', 'ccp_alpha': 0.0, 'bootstrap': True}",0.37213648501434243,0.7562444870829165,0.3690059866609166,0.4959904421628638,0.732863157861242,0.6250518550625581,0.6844173344063679,94.07474804133749
"{'n_estimators': 1000, 'min_samples_split': 10, 'min_samples_leaf': 4, 'max_features': 'sqrt', 'max_depth': 3, 'criterion': 'gini', 'class_weight': 'balanced_subsample', 'ccp_alpha': 0.0, 'bootstrap': True}",0.3719999597919393,0.7610274699926833,0.36732237180735394,0.4954867922282296,0.7332757254252905,0.6266849025932465,0.6873530388870538,94.46886558963604
"{'n_estimators': 1000, 'min_samples_split': 10, 'min_samples_leaf': 1, 'max_features': 'log2', 'max_depth': 5, 'criterion': 'gini', 'class_weight': 'balanced_subsample', 'ccp_alpha': 0.01, 'bootstrap': True}",0.3572859536929223,0.7721556784444289,0.35192467404319006,0.48347917256739237,0.7263512802939546,0.6232855710726185,0.6897775063562445,94.8118015466024
"{'n_estimators': 2000, 'min_samples_split': 5, 'min_samples_leaf': 2, 'max_features': 'log2', 'max_depth': 3, 'criterion': 'entropy', 'class_weight': 'balanced_subsample', 'ccp_alpha': 0.01, 'bootstrap': True}",0.362157835572911,0.75643769111938,0.36070855420118547,0.48848108604475776,0.7276289643035553,0.6203243193351079,0.6816522104500379,93.67919682199727
"{'n_estimators': 600, 'min_samples_split': 2, 'min_samples_leaf': 2, 'max_features': 'sqrt', 'max_depth': 3, 'criterion': 'gini', 'class_weight': 'balanced_subsample', 'ccp_alpha': 0.0, 'bootstrap': True}",0.37211724606267155,0.7562283824673336,0.36899520587584783,0.49597723743331956,0.7328514877524225,0.6250368642938556,0.6844017518896522,94.07259854052575
"{'n_estimators': 300, 'min_samples_split': 2, 'min_samples_leaf': 4, 'max_features': 'log2', 'max_depth': 5, 'criterion': 'entropy', 'class_weight': 'balanced_subsample', 'ccp_alpha': 0.0, 'bootstrap': True}",0.38764437574750343,0.764506044395462,0.3793314606046927,0.5070659845019329,0.7417476936932695,0.6354555387735551,0.6940325646600765,95.41717746978084
"{'n_estimators': 100, 'min_samples_split': 10, 'min_samples_leaf': 4, 'max_features': 'sqrt', 'max_depth': 5, 'criterion': 'entropy', 'class_weight': 'balanced_subsample', 'ccp_alpha': 0.01, 'bootstrap': True}",0.35657643350028473,0.7701264159650055,0.3519773037889214,0.4831365966526413,0.7258033340785502,0.6222683784214978,0.6883460410323644,94.61150678594663
"{'n_estimators': 1000, 'min_samples_split': 10, 'min_samples_leaf': 1, 'max_features': 'log2', 'max_depth': 10, 'criterion': 'gini', 'class_weight': 'balanced_subsample', 'ccp_alpha': 0.0, 'bootstrap': True}",0.4227441695417877,0.7830904051000239,0.40348791680663215,0.532566687400282,0.7615042827513984,0.6590749434690569,0.7157500794451769,98.48343635033399
"{'n_estimators': 1500, 'min_samples_split': 10, 'min_samples_leaf': 2, 'max_features': 'sqrt', 'max_depth': 5, 'criterion': 'gini', 'class_weight': 'balanced_subsample', 'ccp_alpha': 0.01, 'bootstrap': True}",0.353234428557796,0.7879700297079779,0.34406293060815935,0.47897488671674315,0.7252357153484456,0.6263391015521406,0.6979173341643853,96.00014950120577
"{'n_estimators': 3000, 'min_samples_split': 2, 'min_samples_leaf': 2, 'max_features': 'log2', 'max_depth': 5, 'criterion': 'entropy', 'class_weight': 'balanced_subsample', 'ccp_alpha': 0.01, 'bootstrap': True}",0.3667366901155598,0.7710765688334339,0.35978759646038055,0.4906388440205866,0.7314192654486243,0.6275891798945228,0.6919724867834756,95.09703670636242
"{'n_estimators': 300, 'min_samples_split': 5, 'min_samples_leaf': 4, 'max_features': 'sqrt', 'max_depth': 5, 'criterion': 'entropy', 'class_weight': 'balanced_subsample', 'ccp_alpha': 0.01, 'bootstrap': True}",0.359330127393615,0.7868910266882354,0.3490561434851657,0.48359188927911756,0.7286106423733746,0.6290717662139339,0.699185688471279,96.14190984308182
"{'n_estimators': 2000, 'min_samples_split': 10, 'min_samples_leaf': 4, 'max_features': 'log2', 'max_depth': 10, 'criterion': 'entropy', 'class_weight': 'balanced_subsample', 'ccp_alpha': 0.01, 'bootstrap': True}",0.36773647095570605,0.7823335659714649,0.35705155000656497,0.49031905159386796,0.7329235068908103,0.6318162042769525,0.6990637739319442,96.08593409747475
"{'n_estimators': 300, 'min_samples_split': 5, 'min_samples_leaf': 4, 'max_features': 'sqrt', 'max_depth': 3, 'criterion': 'gini', 'class_weight': 'balanced_subsample', 'ccp_alpha': 0.01, 'bootstrap': True}",0.3471346964271902,0.7644093723537798,0.3463146459845429,0.4766728905854804,0.7201392251270514,0.6157369642599638,0.682065453359162,93.75666953460512
"{'n_estimators': 1000, 'min_samples_split': 5, 'min_samples_leaf': 4, 'max_features': 'log2', 'max_depth': 5, 'criterion': 'gini', 'class_weight': 'balanced_subsample', 'ccp_alpha': 0.01, 'bootstrap': True}",0.35735824174035596,0.7723971924374493,0.35190381050162706,0.48351500016134796,0.7264159565645621,0.6234095570528438,0.6899514660876518,94.83490976882626
"{'n_estimators': 1000, 'min_samples_split': 5, 'min_samples_leaf': 4, 'max_features': 'log2', 'max_depth': 3, 'criterion': 'gini', 'class_weight': 'balanced_subsample', 'ccp_alpha': 0.0, 'bootstrap': True}",0.3755668267183952,0.7534101315371379,0.3728241838257626,0.49881150090445825,0.7343456257614509,0.625670365410266,0.6836241254705029,93.98222234500192
"{'n_estimators': 600, 'min_samples_split': 2, 'min_samples_leaf': 2, 'max_features': 'log2', 'max_depth': 10, 'criterion': 'gini', 'class_weight': 'balanced_subsample', 'ccp_alpha': 0.01, 'bootstrap': True}",0.3542003048151338,0.7702071102113544,0.3501049752212834,0.48136161747118617,0.7244815989041887,0.6211029216510527,0.687659556367214,94.5259597821996
"{'n_estimators': 100, 'min_samples_split': 2, 'min_samples_leaf': 4, 'max_features': 'log2', 'max_depth': 10, 'criterion': 'gini', 'class_weight': 'balanced_subsample', 'ccp_alpha': 0.01, 'bootstrap': True}",0.3546283333246014,0.7417667597818283,0.3592237909532263,0.48400485574599994,0.722219983356081,0.6114809192744372,0.6703462780000033,92.13786552584413
"{'n_estimators': 2000, 'min_samples_split': 10, 'min_samples_leaf': 4, 'max_features': 'sqrt', 'max_depth': 3, 'criterion': 'entropy', 'class_weight': 'balanced_subsample', 'ccp_alpha': 0.0, 'bootstrap': True}",0.3728571641075027,0.7601095092385775,0.3683330067338854,0.4962110569340154,0.7336343618767319,0.6267744414061313,0.6870323662140253,94.42760126055201
"{'n_estimators': 1000, 'min_samples_split': 10, 'min_samples_leaf': 1, 'max_features': 'log2', 'max_depth': 10, 'criterion': 'entropy', 'class_weight': 'balanced_subsample', 'ccp_alpha': 0.0, 'bootstrap': True}",0.4216716232420065,0.7838956522179704,0.4022145212261032,0.5316440347082431,0.7610856735066728,0.658852172038796,0.7159551259708619,98.50029128310219
"{'n_estimators': 3000, 'min_samples_split': 2, 'min_samples_leaf': 4, 'max_features': 'log2', 'max_depth': 5, 'criterion': 'gini', 'class_weight': 'balanced_subsample', 'ccp_alpha': 0.0, 'bootstrap': True}",0.39060784613749316,0.7639745671840018,0.38206223091407976,0.5093828547617405,0.7431967766958678,0.6366869310936124,0.6945469791008078,95.50056826410417
"{'n_estimators': 1000, 'min_samples_split': 5, 'min_samples_leaf': 2, 'max_features': 'log2', 'max_depth': 5, 'criterion': 'gini', 'class_weight': 'balanced_subsample', 'ccp_alpha': 0.0, 'bootstrap': True}",0.3896162272074031,0.7645382256172475,0.3810122378644632,0.5085735918645414,0.7427568603989604,0.6364152515749062,0.6946180325593572,95.50443445494791
"{'n_estimators': 1500, 'min_samples_split': 2, 'min_samples_leaf': 4, 'max_features': 'sqrt', 'max_depth': 10, 'criterion': 'gini', 'class_weight': 'balanced_subsample', 'ccp_alpha': 0.01, 'bootstrap': True}",0.35649236019507474,0.7867943927704317,0.3469002821554206,0.4814973425479991,0.7270030638710474,0.6276115986654635,0.6982440323993294,96.0244533848142
"{'n_estimators': 1000, 'min_samples_split': 10, 'min_samples_leaf': 2, 'max_features': 'sqrt', 'max_depth': 3, 'criterion': 'entropy', 'class_weight': 'balanced_subsample', 'ccp_alpha': 0.01, 'bootstrap': True}",0.3562684974846985,0.7674852955772241,0.3525450343505366,0.4831516084478051,0.7254197747702914,0.6212436763707111,0.6866640941178689,94.37578127524922
"{'n_estimators': 300, 'min_samples_split': 10, 'min_samples_leaf': 2, 'max_features': 'sqrt', 'max_depth': 3, 'criterion': 'gini', 'class_weight': 'balanced_subsample', 'ccp_alpha': 0.01, 'bootstrap': True}",0.3471346964271902,0.7644093723537798,0.3463146459845429,0.4766728905854804,0.7201392251270514,0.6157369642599638,0.682065453359162,93.75666953460512
"{'n_estimators': 600, 'min_samples_split': 10, 'min_samples_leaf': 4, 'max_features': 'log2', 'max_depth': 3, 'criterion': 'entropy', 'class_weight': 'balanced_subsample', 'ccp_alpha': 0.01, 'bootstrap': True}",0.356296351930713,0.7582897265796351,0.3553921702744957,0.4839615295175938,0.724655026568084,0.6181354896518291,0.6810767974989647,93.5985811716883
"{'n_estimators': 300, 'min_samples_split': 10, 'min_samples_leaf': 1, 'max_features': 'log2', 'max_depth': 3, 'criterion': 'gini', 'class_weight': 'balanced_subsample', 'ccp_alpha': 0.0, 'bootstrap': True}",0.37151104816326086,0.7427651300202509,0.3729512572078386,0.49656905706433757,0.7311105809614363,0.6198398297421982,0.6757577002967086,92.92407586241704
"{'n_estimators': 1500, 'min_samples_split': 5, 'min_samples_leaf': 1, 'max_features': 'sqrt', 'max_depth': 3, 'criterion': 'gini', 'class_weight': 'balanced_subsample', 'ccp_alpha': 0.01, 'bootstrap': True}",0.3528332652102846,0.7684515779584621,0.3495498622274149,0.4805211412644777,0.7236074401342737,0.619877472536492,0.6862144079285999,94.32265090721695
"{'n_estimators': 300, 'min_samples_split': 5, 'min_samples_leaf': 1, 'max_features': 'sqrt', 'max_depth': 10, 'criterion': 'entropy', 'class_weight': 'balanced_subsample', 'ccp_alpha': 0.01, 'bootstrap': True}",0.36278624279799926,0.7885176224275576,0.35125590948123414,0.48600172394115376,0.7306594138166876,0.631320491752727,0.7012149379014301,96.41455771681747
"{'n_estimators': 600, 'min_samples_split': 5, 'min_samples_leaf': 1, 'max_features': 'sqrt', 'max_depth': 10, 'criterion': 'gini', 'class_weight': 'balanced_subsample', 'ccp_alpha': 0.0, 'bootstrap': True}",0.4292571025541065,0.7908366427232992,0.4064302685279905,0.5369220944775003,0.7656867244147758,0.6650359186634811,0.7225010011484506,99.40517769872946
"{'n_estimators': 3000, 'min_samples_split': 5, 'min_samples_leaf': 4, 'max_features': 'sqrt', 'max_depth': 5, 'criterion': 'gini', 'class_weight': 'balanced_subsample', 'ccp_alpha': 0.01, 'bootstrap': True}",0.35431978352894183,0.7879700437126681,0.34488200590135953,0.4797733935140583,0.7258579802600321,0.626888874504843,0.6982597241144409,96.04110466633477
"{'n_estimators': 300, 'min_samples_split': 10, 'min_samples_leaf': 1, 'max_features': 'sqrt', 'max_depth': 3, 'criterion': 'gini', 'class_weight': 'balanced_subsample', 'ccp_alpha': 0.0, 'bootstrap': True}",0.370825081381489,0.7532490822691562,0.3688942352709244,0.495245269037689,0.7318737530042335,0.6233507334461766,0.6821708246452424,93.76961999046183
"{'n_estimators': 2000, 'min_samples_split': 2, 'min_samples_leaf': 2, 'max_features': 'log2', 'max_depth': 3, 'criterion': 'gini', 'class_weight': 'balanced_subsample', 'ccp_alpha': 0.01, 'bootstrap': True}",0.3566477054060713,0.75545540682362,0.35655476355223303,0.48445436516238766,0.7245909127699625,0.6173217156270646,0.6794380747379533,93.37327885997365
"{'n_estimators': 100, 'min_samples_split': 5, 'min_samples_leaf': 1, 'max_features': 'sqrt', 'max_depth': 3, 'criterion': 'entropy', 'class_weight': 'balanced_subsample', 'ccp_alpha': 0.01, 'bootstrap': True}",0.3503731565088066,0.7393509764139187,0.3564811054731545,0.4810304363955005,0.7197603225430594,0.6086160759419926,0.6676436311692703,91.7591529150496
"{'n_estimators': 1500, 'min_samples_split': 2, 'min_samples_leaf': 4, 'max_features': 'log2', 'max_depth': 5, 'criterion': 'entropy', 'class_weight': 'balanced_subsample', 'ccp_alpha': 0.0, 'bootstrap': True}",0.3904011290153695,0.764554317784217,0.3816821972426732,0.5091731847704991,0.7431574334963195,0.6367970139553288,0.6948519310942798,95.53954164055536
"{'n_estimators': 600, 'min_samples_split': 10, 'min_samples_leaf': 4, 'max_features': 'sqrt', 'max_depth': 10, 'criterion': 'entropy', 'class_weight': 'balanced_subsample', 'ccp_alpha': 0.01, 'bootstrap': True}",0.3608372527401098,0.7929784857943263,0.3483818654434221,0.48408553646496316,0.7298907089440555,0.6317337104740687,0.703230984432599,96.71694185160374
"{'n_estimators': 3000, 'min_samples_split': 2, 'min_samples_leaf': 1, 'max_features': 'sqrt', 'max_depth': 10, 'criterion': 'entropy', 'class_weight': 'balanced_subsample', 'ccp_alpha': 0.01, 'bootstrap': True}",0.3619974604932747,0.7966502875747187,0.34817286310729156,0.4845661451226208,0.7307986510952885,0.6334579854763125,0.7057427583618185,97.07367191283645
"{'n_estimators': 300, 'min_samples_split': 2, 'min_samples_leaf': 2, 'max_features': 'sqrt', 'max_depth': 10, 'criterion': 'gini', 'class_weight': 'balanced_subsample', 'ccp_alpha': 0.0, 'bootstrap': True}",0.42998120101088005,0.7912553798452961,0.4069269214426234,0.5374504355344335,0.7660932641330683,0.6655368752281461,0.7229711390504554,99.47188405666078
"{'n_estimators': 1500, 'min_samples_split': 2, 'min_samples_leaf': 2, 'max_features': 'sqrt', 'max_depth': 5, 'criterion': 'entropy', 'class_weight': 'balanced_subsample', 'ccp_alpha': 0.0, 'bootstrap': True}",0.39042605032399785,0.7755857966194429,0.3778967534931281,0.5081850303612903,0.7443806853496383,0.6407283257395165,0.701736663153735,96.45341733660071
"{'n_estimators': 3000, 'min_samples_split': 10, 'min_samples_leaf': 2, 'max_features': 'log2', 'max_depth': 3, 'criterion': 'entropy', 'class_weight': 'balanced_subsample', 'ccp_alpha': 0.0, 'bootstrap': True}",0.376679674398769,0.7519929354803475,0.37424378956890064,0.4997681410319872,0.7347639631922994,0.6256838809816715,0.6830482133208519,93.91148302647979
"{'n_estimators': 3000, 'min_samples_split': 5, 'min_samples_leaf': 1, 'max_features': 'sqrt', 'max_depth': 10, 'criterion': 'entropy', 'class_weight': 'balanced_subsample', 'ccp_alpha': 0.0, 'bootstrap': True}",0.4284586800662879,0.7924309817711173,0.405099837634558,0.5361252715742256,0.7655034773989335,0.6652213982180842,0.723275282091515,99.49809005883962
"{'n_estimators': 3000, 'min_samples_split': 10, 'min_samples_leaf': 1, 'max_features': 'log2', 'max_depth': 5, 'criterion': 'gini', 'class_weight': 'balanced_subsample', 'ccp_alpha': 0.01, 'bootstrap': True}",0.3598612245512247,0.7686609426292689,0.355035848902772,0.48571963486898967,0.7274800334396284,0.6234013637887575,0.6884518495009596,94.61788670806548
"{'n_estimators': 1000, 'min_samples_split': 10, 'min_samples_leaf': 4, 'max_features': 'log2', 'max_depth': 5, 'criterion': 'entropy', 'class_weight': 'balanced_subsample', 'ccp_alpha': 0.0, 'bootstrap': True}",0.3900945409037979,0.765552792279777,0.38107184186981174,0.5088507146109226,0.7431140044771102,0.637010361237437,0.6953911649341459,95.6088713214683
"{'n_estimators': 600, 'min_samples_split': 10, 'min_samples_leaf': 4, 'max_features': 'sqrt', 'max_depth': 5, 'criterion': 'gini', 'class_weight': 'balanced_subsample', 'ccp_alpha': 0.0, 'bootstrap': True}",0.3905780265804195,0.7724454463752456,0.3791033124876833,0.5085955481453567,0.7441219532251001,0.6396993453893446,0.699833013921446,96.19971026190872
"{'n_estimators': 100, 'min_samples_split': 10, 'min_samples_leaf': 1, 'max_features': 'log2', 'max_depth': 5, 'criterion': 'gini', 'class_weight': 'balanced_subsample', 'ccp_alpha': 0.0, 'bootstrap': True}",0.3854354578209351,0.7594491989926464,0.3791887126685712,0.5058118554623084,0.7400513528009619,0.6325625458884747,0.6902209375769247,94.9043555326932
"{'n_estimators': 1000, 'min_samples_split': 5, 'min_samples_leaf': 2, 'max_features': 'log2', 'max_depth': 5, 'criterion': 'gini', 'class_weight': 'balanced_subsample', 'ccp_alpha': 0.01, 'bootstrap': True}",0.3574922091377151,0.7721556325401671,0.3520856917943663,0.4836376704987957,0.7264688304762982,0.6233955203439782,0.6898461505581786,94.81984784373502
"{'n_estimators': 1000, 'min_samples_split': 2, 'min_samples_leaf': 1, 'max_features': 'log2', 'max_depth': 10, 'criterion': 'gini', 'class_weight': 'balanced_subsample', 'ccp_alpha': 0.01, 'bootstrap': True}",0.35695601326775933,0.7761979151706448,0.35043713636866514,0.48285186499862753,0.7264821140522527,0.624437456848352,0.6920924147691943,95.14164833549773
"{'n_estimators': 2000, 'min_samples_split': 2, 'min_samples_leaf': 1, 'max_features': 'log2', 'max_depth': 10, 'criterion': 'entropy', 'class_weight': 'balanced_subsample', 'ccp_alpha': 0.01, 'bootstrap': True}",0.3682361027424486,0.7828327724867306,0.3572882963687705,0.4906440818908447,0.7332418444611085,0.6322300928370713,0.699517184434807,96.14769206711158
"{'n_estimators': 100, 'min_samples_split': 10, 'min_samples_leaf': 4, 'max_features': 'log2', 'max_depth': 5, 'criterion': 'entropy', 'class_weight': 'balanced_subsample', 'ccp_alpha': 0.01, 'bootstrap': True}",0.3602444620605896,0.7557773824295256,0.35937038686982486,0.48710307784326784,0.726539072528011,0.6191601379347506,0.6806787487809207,93.54625758644382
"{'n_estimators': 100, 'min_samples_split': 5, 'min_samples_leaf': 4, 'max_features': 'sqrt', 'max_depth': 5, 'criterion': 'gini', 'class_weight': 'balanced_subsample', 'ccp_alpha': 0.01, 'bootstrap': True}",0.3448950327640583,0.7585957881893509,0.34630403403716015,0.4754802397456159,0.7184226880125069,0.6126407242825128,0.6778408019264011,93.17478052079309
"{'n_estimators': 2000, 'min_samples_split': 10, 'min_samples_leaf': 2, 'max_features': 'log2', 'max_depth': 3, 'criterion': 'entropy', 'class_weight': 'balanced_subsample', 'ccp_alpha': 0.0, 'bootstrap': True}",0.37651944186853203,0.7514131833240559,0.3743026593687804,0.49969255003299873,0.7346187986055704,0.6253956471315186,0.6826372910093164,93.8564513008446
"{'n_estimators': 300, 'min_samples_split': 5, 'min_samples_leaf': 2, 'max_features': 'log2', 'max_depth': 10, 'criterion': 'gini', 'class_weight': 'balanced_subsample', 'ccp_alpha': 0.0, 'bootstrap': True}",0.4212675694781822,0.7826394315155194,0.4023246766373845,0.5314474074356984,0.760725274895164,0.6581965532220159,0.715043449867128,98.38017698342118
"{'n_estimators': 100, 'min_samples_split': 2, 'min_samples_leaf': 4, 'max_features': 'log2', 'max_depth': 5, 'criterion': 'gini', 'class_weight': 'balanced_subsample', 'ccp_alpha': 0.0, 'bootstrap': True}",0.3846978393502814,0.7580803253410263,0.37902733645620246,0.5053642984077935,0.7395224800450874,0.6317125305883494,0.6891495164827818,94.75939935691275
"{'n_estimators': 600, 'min_samples_split': 10, 'min_samples_leaf': 1, 'max_features': 'log2', 'max_depth': 5, 'criterion': 'entropy', 'class_weight': 'balanced_subsample', 'ccp_alpha': 0.01, 'bootstrap': True}",0.36527286649056506,0.7768097435135463,0.3568102352073394,0.48900627430681215,0.7311203000750223,0.6287823632763453,0.6950014266874538,95.52148611172159
"{'n_estimators': 2000, 'min_samples_split': 10, 'min_samples_leaf': 2, 'max_features': 'log2', 'max_depth': 5, 'criterion': 'gini', 'class_weight': 'balanced_subsample', 'ccp_alpha': 0.01, 'bootstrap': True}",0.3582396890007062,0.767694710820523,0.35404092560825867,0.4845961755351817,0.7265157565361345,0.6222801472568104,0.6873806952333733,94.47151736246524
"{'n_estimators': 100, 'min_samples_split': 2, 'min_samples_leaf': 2, 'max_features': 'log2', 'max_depth': 5, 'criterion': 'entropy', 'class_weight': 'balanced_subsample', 'ccp_alpha': 0.0, 'bootstrap': True}",0.3829268931619361,0.7604315377510901,0.37671211241911434,0.5038175697761863,0.73887653631136,0.6317182923470418,0.6901225364374272,94.87875939606472
"{'n_estimators': 300, 'min_samples_split': 2, 'min_samples_leaf': 4, 'max_features': 'sqrt', 'max_depth': 3, 'criterion': 'gini', 'class_weight': 'balanced_subsample', 'ccp_alpha': 0.0, 'bootstrap': True}",0.3708215875493091,0.7532490822691562,0.36889129807323745,0.4952426281623281,0.731871944123352,0.6233490638027134,0.6821698259080374,93.76947313057748
"{'n_estimators': 600, 'min_samples_split': 2, 'min_samples_leaf': 4, 'max_features': 'sqrt', 'max_depth': 3, 'criterion': 'entropy', 'class_weight': 'balanced_subsample', 'ccp_alpha': 0.0, 'bootstrap': True}",0.3720479249454123,0.7559707132862385,0.36902383842674397,0.4959461492529697,0.732787772736184,0.6249105112608967,0.6842202081939529,94.04826324996105
"{'n_estimators': 2000, 'min_samples_split': 10, 'min_samples_leaf': 2, 'max_features': 'log2', 'max_depth': 5, 'criterion': 'entropy', 'class_weight': 'balanced_subsample', 'ccp_alpha': 0.0, 'bootstrap': True}",0.39062980076661663,0.7663580036079599,0.381252633435224,0.5091897422695862,0.743476814761807,0.6375573737548463,0.6960492875274595,95.69843203255716
"{'n_estimators': 100, 'min_samples_split': 5, 'min_samples_leaf': 4, 'max_features': 'log2', 'max_depth': 3, 'criterion': 'gini', 'class_weight': 'balanced_subsample', 'ccp_alpha': 0.01, 'bootstrap': True}",0.34309007780896095,0.7381432430607661,0.3509850597317145,0.4757495986479052,0.7157593696589802,0.6047293238820367,0.6648085987349065,91.36357729266233
"{'n_estimators': 300, 'min_samples_split': 5, 'min_samples_leaf': 1, 'max_features': 'log2', 'max_depth': 3, 'criterion': 'entropy', 'class_weight': 'balanced_subsample', 'ccp_alpha': 0.01, 'bootstrap': True}",0.35379575236750066,0.7481278215161625,0.3565369311111764,0.4829183378667839,0.7223941233553902,0.6133797496782729,0.6740845263073295,92.63962870717508
"{'n_estimators': 1000, 'min_samples_split': 10, 'min_samples_leaf': 2, 'max_features': 'log2', 'max_depth': 3, 'criterion': 'gini', 'class_weight': 'balanced_subsample', 'ccp_alpha': 0.0, 'bootstrap': True}",0.3755773786422872,0.7534101307590996,0.3728331249588697,0.4988195050258257,0.7343510520150766,0.6256754034366648,0.6836271327360498,93.98266932385344
"{'n_estimators': 600, 'min_samples_split': 2, 'min_samples_leaf': 4, 'max_features': 'log2', 'max_depth': 3, 'criterion': 'gini', 'class_weight': 'balanced_subsample', 'ccp_alpha': 0.0, 'bootstrap': True}",0.3740704624981188,0.7517352530726006,0.37211963298595113,0.49781412449314083,0.7333960354629768,0.6243498271422508,0.6821464400059861,93.77950695655763
"{'n_estimators': 600, 'min_samples_split': 2, 'min_samples_leaf': 1, 'max_features': 'log2', 'max_depth': 10, 'criterion': 'gini', 'class_weight': 'balanced_subsample', 'ccp_alpha': 0.01, 'bootstrap': True}",0.3527845856016207,0.7712539304532348,0.34866147233816447,0.4802072654542677,0.7237894367928218,0.620746716375501,0.6878596919083154,94.55846666223171
"{'n_estimators': 300, 'min_samples_split': 5, 'min_samples_leaf': 4, 'max_features': 'sqrt', 'max_depth': 10, 'criterion': 'gini', 'class_weight': 'balanced_subsample', 'ccp_alpha': 0.01, 'bootstrap': True}",0.35142095751996,0.7906756020137394,0.34188434468596335,0.477359346799511,0.7243798531742209,0.6262564964530589,0.698926318653566,96.1617774356721
"{'n_estimators': 600, 'min_samples_split': 10, 'min_samples_leaf': 1, 'max_features': 'log2', 'max_depth': 5, 'criterion': 'entropy', 'class_weight': 'balanced_subsample', 'ccp_alpha': 0.0, 'bootstrap': True}",0.3905130637144772,0.7691279935980142,0.38019227363005276,0.5088511057843539,0.7437258306195855,0.6384925448610219,0.6977483780334334,95.92241304130404
"{'n_estimators': 100, 'min_samples_split': 5, 'min_samples_leaf': 2, 'max_features': 'sqrt', 'max_depth': 5, 'criterion': 'gini', 'class_weight': 'balanced_subsample', 'ccp_alpha': 0.01, 'bootstrap': True}",0.3457157200663774,0.7581931401221701,0.34706569716398034,0.4761142690078846,0.7188418064303845,0.6129010853690057,0.6778385833360062,93.17259887041602
"{'n_estimators': 2000, 'min_samples_split': 2, 'min_samples_leaf': 1, 'max_features': 'sqrt', 'max_depth': 5, 'criterion': 'entropy', 'class_weight': 'balanced_subsample', 'ccp_alpha': 0.01, 'bootstrap': True}",0.360562906529116,0.7877606634810945,0.34974467680747723,0.4844188688645417,0.7293674437263012,0.6299664268271048,0.7000820087514606,96.26330018848331
"{'n_estimators': 1000, 'min_samples_split': 5, 'min_samples_leaf': 4, 'max_features': 'log2', 'max_depth': 10, 'criterion': 'entropy', 'class_weight': 'balanced_subsample', 'ccp_alpha': 0.0, 'bootstrap': True}",0.4213321949912738,0.7856188313026041,0.40126159135028483,0.5312051455611736,0.7611386919206492,0.6593112591342801,0.716944454430882,98.62496269777466
"{'n_estimators': 3000, 'min_samples_split': 10, 'min_samples_leaf': 2, 'max_features': 'log2', 'max_depth': 5, 'criterion': 'gini', 'class_weight': 'balanced_subsample', 'ccp_alpha': 0.01, 'bootstrap': True}",0.3598685169364361,0.7682100250635248,0.3551804504132072,0.48576522656498705,0.7274463167566066,0.6232536533755854,0.6881809753187129,94.58002502701284
"{'n_estimators': 3000, 'min_samples_split': 10, 'min_samples_leaf': 2, 'max_features': 'sqrt', 'max_depth': 3, 'criterion': 'entropy', 'class_weight': 'balanced_subsample', 'ccp_alpha': 0.01, 'bootstrap': True}",0.3572831283753765,0.7678879125228715,0.35322499669483043,0.48386929467351747,0.7260081856364938,0.6218761374228973,0.6872114471527707,94.45004108702865
"{'n_estimators': 600, 'min_samples_split': 2, 'min_samples_leaf': 1, 'max_features': 'sqrt', 'max_depth': 5, 'criterion': 'gini', 'class_weight': 'balanced_subsample', 'ccp_alpha': 0.0, 'bootstrap': True}",0.39069344886564084,0.7728641578219775,0.37905779356960884,0.5086447558740382,0.7442263924634261,0.6399024055570997,0.7001262713862652,96.23930546067818
"{'n_estimators': 2000, 'min_samples_split': 5, 'min_samples_leaf': 1, 'max_features': 'log2', 'max_depth': 10, 'criterion': 'entropy', 'class_weight': 'balanced_subsample', 'ccp_alpha': 0.0, 'bootstrap': True}",0.42222849708437443,0.7829776953540559,0.403062379357828,0.5321722828126897,0.761239907951309,0.6587868279144663,0.7155334715658203,98.450888503297
"{'n_estimators': 1500, 'min_samples_split': 2, 'min_samples_leaf': 2, 'max_features': 'sqrt', 'max_depth': 10, 'criterion': 'gini', 'class_weight': 'balanced_subsample', 'ccp_alpha': 0.0, 'bootstrap': True}",0.4293780444086417,0.7921572001940559,0.4060365849656054,0.5368809619054803,0.7659164882438582,0.6655698006612166,0.7233668535506177,99.51754926768585
"{'n_estimators': 1500, 'min_samples_split': 5, 'min_samples_leaf': 4, 'max_features': 'sqrt', 'max_depth': 10, 'criterion': 'entropy', 'class_weight': 'balanced_subsample', 'ccp_alpha': 0.01, 'bootstrap': True}",0.3624023012045756,0.7962154419469472,0.3486164278423111,0.48491352165809043,0.7309972715516709,0.6335291757069865,0.7056159160784947,97.05236558681027
"{'n_estimators': 300, 'min_samples_split': 10, 'min_samples_leaf': 2, 'max_features': 'sqrt', 'max_depth': 3, 'criterion': 'entropy', 'class_weight': 'balanced_subsample', 'ccp_alpha': 0.01, 'bootstrap': True}",0.3538197288233757,0.7596747087370296,0.35299683769707113,0.4820112472706906,0.7234282839586913,0.6174072218225687,0.6811911327113876,93.61731275855652
"{'n_estimators': 2000, 'min_samples_split': 5, 'min_samples_leaf': 1, 'max_features': 'log2', 'max_depth': 3, 'criterion': 'entropy', 'class_weight': 'balanced_subsample', 'ccp_alpha': 0.01, 'bootstrap': True}",0.362157835572911,0.75643769111938,0.36070855420118547,0.48848108604475776,0.7276289643035553,0.6203243193351079,0.6816522104500379,93.67919682199727
"{'n_estimators': 1000, 'min_samples_split': 2, 'min_samples_leaf': 2, 'max_features': 'sqrt', 'max_depth': 10, 'criterion': 'gini', 'class_weight': 'balanced_subsample', 'ccp_alpha': 0.01, 'bootstrap': True}",0.3555485318026219,0.7900957953947639,0.3451883367866771,0.48046345993166395,0.7266983591979033,0.6281671317425896,0.6998872155075874,96.26899637881026
"{'n_estimators': 1500, 'min_samples_split': 10, 'min_samples_leaf': 1, 'max_features': 'sqrt', 'max_depth': 3, 'criterion': 'gini', 'class_weight': 'balanced_subsample', 'ccp_alpha': 0.01, 'bootstrap': True}",0.3528332652102846,0.7684515779584621,0.3495498622274149,0.4805211412644777,0.7236074401342737,0.619877472536492,0.6862144079285999,94.32265090721695
"{'n_estimators': 100, 'min_samples_split': 2, 'min_samples_leaf': 1, 'max_features': 'sqrt', 'max_depth': 5, 'criterion': 'entropy', 'class_weight': 'balanced_subsample', 'ccp_alpha': 0.01, 'bootstrap': True}",0.3558017793628472,0.7724776805036382,0.3506563836652381,0.48235042078351303,0.725562609888673,0.6226645875608082,0.68952673068174,94.78058723362574
"{'n_estimators': 1500, 'min_samples_split': 5, 'min_samples_leaf': 2, 'max_features': 'sqrt', 'max_depth': 3, 'criterion': 'gini', 'class_weight': 'balanced_subsample', 'ccp_alpha': 0.0, 'bootstrap': True}",0.37280605683672596,0.7610918760064015,0.3679689767077658,0.49608912954073836,0.7337058831291919,0.6270967995475222,0.6876271382431831,94.50763643602842
"{'n_estimators': 3000, 'min_samples_split': 5, 'min_samples_leaf': 2, 'max_features': 'log2', 'max_depth': 10, 'criterion': 'entropy', 'class_weight': 'balanced_subsample', 'ccp_alpha': 0.01, 'bootstrap': True}",0.3683234433166485,0.7815927427621183,0.357748410270297,0.4908330721983086,0.7331862011995222,0.6318694192531454,0.6988010912943866,96.04669478972666
"{'n_estimators': 300, 'min_samples_split': 5, 'min_samples_leaf': 2, 'max_features': 'log2', 'max_depth': 5, 'criterion': 'entropy', 'class_weight': 'balanced_subsample', 'ccp_alpha': 0.0, 'bootstrap': True}",0.387455139344213,0.7665191081166635,0.37847830810994854,0.506742163562499,0.7418714897989398,0.6360838153292392,0.6952360446091871,95.5758262171638
"{'n_estimators': 100, 'min_samples_split': 5, 'min_samples_leaf': 2, 'max_features': 'log2', 'max_depth': 3, 'criterion': 'gini', 'class_weight': 'balanced_subsample', 'ccp_alpha': 0.01, 'bootstrap': True}",0.34309007780896095,0.7381432430607661,0.3509850597317145,0.4757495986479052,0.7157593696589802,0.6047293238820367,0.6648085987349065,91.36357729266233
"{'n_estimators': 1500, 'min_samples_split': 5, 'min_samples_leaf': 1, 'max_features': 'log2', 'max_depth': 10, 'criterion': 'entropy', 'class_weight': 'balanced_subsample', 'ccp_alpha': 0.01, 'bootstrap': True}",0.36847773629254105,0.7827039480106815,0.3575207291881382,0.4908379350947753,0.7333637472483739,0.6323084249119614,0.6995136985741087,96.14643126047507
"{'n_estimators': 600, 'min_samples_split': 2, 'min_samples_leaf': 2, 'max_features': 'sqrt', 'max_depth': 10, 'criterion': 'entropy', 'class_weight': 'balanced_subsample', 'ccp_alpha': 0.01, 'bootstrap': True}",0.3606010295790758,0.7959417156106078,0.3473154287763686,0.48360393239178395,0.7299577701878052,0.6325308767641477,0.7048891629282732,96.95994299987922
"{'n_estimators': 1000, 'min_samples_split': 5, 'min_samples_leaf': 4, 'max_features': 'log2', 'max_depth': 10, 'criterion': 'entropy', 'class_weight': 'balanced_subsample', 'ccp_alpha': 0.01, 'bootstrap': True}",0.3676989940052162,0.7859892452413927,0.35587529017343256,0.4899249577063505,0.733202934085913,0.6329829578269622,0.7012367804422562,96.39268903281089
"{'n_estimators': 1000, 'min_samples_split': 10, 'min_samples_leaf': 4, 'max_features': 'log2', 'max_depth': 5, 'criterion': 'gini', 'class_weight': 'balanced_subsample', 'ccp_alpha': 0.01, 'bootstrap': True}",0.3574313390001555,0.7727837109918205,0.35184425687043314,0.4835333191109707,0.7264862122559208,0.6235719638191313,0.6902048868655103,94.87058394270372
"{'n_estimators': 1000, 'min_samples_split': 2, 'min_samples_leaf': 2, 'max_features': 'log2', 'max_depth': 10, 'criterion': 'gini', 'class_weight': 'balanced_subsample', 'ccp_alpha': 0.0, 'bootstrap': True}",0.42198952659779493,0.783943936499262,0.4024825594476496,0.5318888820748189,0.7612472902409332,0.659022806259701,0.7160759465319942,98.51852162230865
"{'n_estimators': 1000, 'min_samples_split': 10, 'min_samples_leaf': 4, 'max_features': 'sqrt', 'max_depth': 5, 'criterion': 'entropy', 'class_weight': 'balanced_subsample', 'ccp_alpha': 0.01, 'bootstrap': True}",0.35979716926548927,0.7885014438983325,0.3489304202843908,0.483775009127317,0.7289889535983002,0.6298129952368937,0.7002791627621731,96.29666540405282
"{'n_estimators': 100, 'min_samples_split': 2, 'min_samples_leaf': 4, 'max_features': 'sqrt', 'max_depth': 10, 'criterion': 'entropy', 'class_weight': 'balanced_subsample', 'ccp_alpha': 0.01, 'bootstrap': True}",0.3563210369637891,0.7780175204368458,0.3493877853174759,0.48221756276158745,0.7262758195121587,0.6247266327393298,0.6929953790679882,95.27114130955836
"{'n_estimators': 600, 'min_samples_split': 2, 'min_samples_leaf': 1, 'max_features': 'sqrt', 'max_depth': 10, 'criterion': 'gini', 'class_weight': 'balanced_subsample', 'ccp_alpha': 0.01, 'bootstrap': True}",0.3552315312068797,0.788227765022332,0.3455034350117123,0.4804188417344916,0.7263902291455634,0.6274248459415258,0.6986925855881353,96.09794825281881
"{'n_estimators': 600, 'min_samples_split': 10, 'min_samples_leaf': 2, 'max_features': 'sqrt', 'max_depth': 5, 'criterion': 'gini', 'class_weight': 'balanced_subsample', 'ccp_alpha': 0.0, 'bootstrap': True}",0.391022038108215,0.772719216281732,0.3793875592397599,0.5089107619961458,0.7443800333741016,0.6400115163209853,0.7001321960809809,96.24129959016119
