params,mean_test_MCC,mean_test_F1,mean_test_Cust_metric
"{'n_estimators': 2000, 'min_weight_fraction_leaf': 0.0, 'min_samples_split': 2, 'min_samples_leaf': 20, 'min_impurity_decrease': 0.03, 'max_leaf_nodes': None, 'max_features': 'sqrt', 'max_depth': 3, 'criterion': 'gini', 'class_weight': 'balanced_subsample', 'ccp_alpha': 0.01, 'bootstrap': True}",0.0,0.1490071855884704,0.0
"{'n_estimators': 300, 'min_weight_fraction_leaf': 0.03, 'min_samples_split': 5, 'min_samples_leaf': 20, 'min_impurity_decrease': 0.0, 'max_leaf_nodes': 10, 'max_features': 'sqrt', 'max_depth': 3, 'criterion': 'entropy', 'class_weight': 'balanced_subsample', 'ccp_alpha': 0.01, 'bootstrap': True}",0.2987868623356522,0.3724229364457034,0.20045759220902074
"{'n_estimators': 100, 'min_weight_fraction_leaf': 0.03, 'min_samples_split': 2, 'min_samples_leaf': 1, 'min_impurity_decrease': 0.03, 'max_leaf_nodes': 5, 'max_features': 'sqrt', 'max_depth': 5, 'criterion': 'gini', 'class_weight': 'balanced_subsample', 'ccp_alpha': 0.0, 'bootstrap': True}",0.0,0.07656384263542419,0.046399925019494075
"{'n_estimators': 1000, 'min_weight_fraction_leaf': 0.0, 'min_samples_split': 2, 'min_samples_leaf': 1, 'min_impurity_decrease': 0.03, 'max_leaf_nodes': None, 'max_features': 'log2', 'max_depth': 3, 'criterion': 'entropy', 'class_weight': 'balanced_subsample', 'ccp_alpha': 0.01, 'bootstrap': True}",0.2663073104312824,0.35719964649561947,0.191914737144228
"{'n_estimators': 2000, 'min_weight_fraction_leaf': 0.0, 'min_samples_split': 10, 'min_samples_leaf': 20, 'min_impurity_decrease': 0.03, 'max_leaf_nodes': 10, 'max_features': 'sqrt', 'max_depth': 5, 'criterion': 'gini', 'class_weight': 'balanced_subsample', 'ccp_alpha': 0.01, 'bootstrap': True}",0.0,0.1490071855884704,0.0
"{'n_estimators': 600, 'min_weight_fraction_leaf': 0.03, 'min_samples_split': 5, 'min_samples_leaf': 1, 'min_impurity_decrease': 0.03, 'max_leaf_nodes': None, 'max_features': 'log2', 'max_depth': 20, 'criterion': 'gini', 'class_weight': 'balanced_subsample', 'ccp_alpha': 0.01, 'bootstrap': True}",0.0,0.1490071855884704,0.0
"{'n_estimators': 1000, 'min_weight_fraction_leaf': 0.0, 'min_samples_split': 10, 'min_samples_leaf': 20, 'min_impurity_decrease': 0.03, 'max_leaf_nodes': 10, 'max_features': 'log2', 'max_depth': 20, 'criterion': 'gini', 'class_weight': 'balanced_subsample', 'ccp_alpha': 0.0, 'bootstrap': True}",0.0,0.1490071855884704,0.0
"{'n_estimators': 600, 'min_weight_fraction_leaf': 0.0, 'min_samples_split': 2, 'min_samples_leaf': 4, 'min_impurity_decrease': 0.0, 'max_leaf_nodes': 5, 'max_features': 'sqrt', 'max_depth': 10, 'criterion': 'entropy', 'class_weight': 'balanced_subsample', 'ccp_alpha': 0.0, 'bootstrap': True}",0.30790104685387837,0.37598209003588007,0.20355206387808047
"{'n_estimators': 600, 'min_weight_fraction_leaf': 0.0, 'min_samples_split': 5, 'min_samples_leaf': 1, 'min_impurity_decrease': 0.0, 'max_leaf_nodes': 5, 'max_features': 'log2', 'max_depth': 10, 'criterion': 'gini', 'class_weight': 'balanced_subsample', 'ccp_alpha': 0.01, 'bootstrap': True}",0.28232934761456446,0.35711061310593334,0.20563924691443725
"{'n_estimators': 600, 'min_weight_fraction_leaf': 0.0, 'min_samples_split': 2, 'min_samples_leaf': 20, 'min_impurity_decrease': 0.0, 'max_leaf_nodes': 5, 'max_features': 'sqrt', 'max_depth': 5, 'criterion': 'entropy', 'class_weight': 'balanced_subsample', 'ccp_alpha': 0.0, 'bootstrap': True}",0.30790104685387837,0.37598209003588007,0.20355206387808047
"{'n_estimators': 300, 'min_weight_fraction_leaf': 0.0, 'min_samples_split': 2, 'min_samples_leaf': 1, 'min_impurity_decrease': 0.0, 'max_leaf_nodes': 10, 'max_features': 'sqrt', 'max_depth': 5, 'criterion': 'gini', 'class_weight': 'balanced_subsample', 'ccp_alpha': 0.0, 'bootstrap': True}",0.3247345680143028,0.38781009941687206,0.20539881517210837
"{'n_estimators': 300, 'min_weight_fraction_leaf': 0.0, 'min_samples_split': 2, 'min_samples_leaf': 1, 'min_impurity_decrease': 0.0, 'max_leaf_nodes': 10, 'max_features': 'sqrt', 'max_depth': 3, 'criterion': 'gini', 'class_weight': 'balanced_subsample', 'ccp_alpha': 0.0, 'bootstrap': True}",0.3178382630376327,0.38547423563488636,0.20220241826172333
"{'n_estimators': 2000, 'min_weight_fraction_leaf': 0.0, 'min_samples_split': 5, 'min_samples_leaf': 4, 'min_impurity_decrease': 0.0, 'max_leaf_nodes': 10, 'max_features': 'sqrt', 'max_depth': 20, 'criterion': 'gini', 'class_weight': 'balanced_subsample', 'ccp_alpha': 0.01, 'bootstrap': True}",0.28483053363972693,0.3533775132830763,0.20127335977784963
"{'n_estimators': 2000, 'min_weight_fraction_leaf': 0.0, 'min_samples_split': 2, 'min_samples_leaf': 20, 'min_impurity_decrease': 0.03, 'max_leaf_nodes': 5, 'max_features': 'sqrt', 'max_depth': 5, 'criterion': 'entropy', 'class_weight': 'balanced_subsample', 'ccp_alpha': 0.0, 'bootstrap': True}",0.27869443569917074,0.3571833755478535,0.20140918498389504
"{'n_estimators': 600, 'min_weight_fraction_leaf': 0.03, 'min_samples_split': 10, 'min_samples_leaf': 20, 'min_impurity_decrease': 0.0, 'max_leaf_nodes': None, 'max_features': 'sqrt', 'max_depth': 5, 'criterion': 'entropy', 'class_weight': 'balanced_subsample', 'ccp_alpha': 0.01, 'bootstrap': True}",0.3099549483875548,0.3751288665989015,0.2007390020744658
"{'n_estimators': 1000, 'min_weight_fraction_leaf': 0.03, 'min_samples_split': 5, 'min_samples_leaf': 20, 'min_impurity_decrease': 0.0, 'max_leaf_nodes': 10, 'max_features': 'sqrt', 'max_depth': 5, 'criterion': 'gini', 'class_weight': 'balanced_subsample', 'ccp_alpha': 0.01, 'bootstrap': True}",0.2815940947138667,0.35286201217788066,0.19911334701164327
"{'n_estimators': 2000, 'min_weight_fraction_leaf': 0.0, 'min_samples_split': 2, 'min_samples_leaf': 1, 'min_impurity_decrease': 0.0, 'max_leaf_nodes': 10, 'max_features': 'log2', 'max_depth': 5, 'criterion': 'gini', 'class_weight': 'balanced_subsample', 'ccp_alpha': 0.0, 'bootstrap': True}",0.3227193865093656,0.38839058227406786,0.20541559868452083
"{'n_estimators': 2000, 'min_weight_fraction_leaf': 0.03, 'min_samples_split': 5, 'min_samples_leaf': 1, 'min_impurity_decrease': 0.0, 'max_leaf_nodes': None, 'max_features': 'sqrt', 'max_depth': 3, 'criterion': 'gini', 'class_weight': 'balanced_subsample', 'ccp_alpha': 0.0, 'bootstrap': True}",0.30808019315371,0.3773551094142791,0.19601148722195708
"{'n_estimators': 600, 'min_weight_fraction_leaf': 0.0, 'min_samples_split': 5, 'min_samples_leaf': 1, 'min_impurity_decrease': 0.03, 'max_leaf_nodes': 10, 'max_features': 'log2', 'max_depth': 3, 'criterion': 'gini', 'class_weight': 'balanced_subsample', 'ccp_alpha': 0.0, 'bootstrap': True}",0.0,0.1490071855884704,0.0
"{'n_estimators': 300, 'min_weight_fraction_leaf': 0.03, 'min_samples_split': 10, 'min_samples_leaf': 20, 'min_impurity_decrease': 0.0, 'max_leaf_nodes': 10, 'max_features': 'sqrt', 'max_depth': 5, 'criterion': 'gini', 'class_weight': 'balanced_subsample', 'ccp_alpha': 0.01, 'bootstrap': True}",0.2816411851962237,0.35640519881086424,0.2029954127351814
"{'n_estimators': 100, 'min_weight_fraction_leaf': 0.03, 'min_samples_split': 2, 'min_samples_leaf': 20, 'min_impurity_decrease': 0.0, 'max_leaf_nodes': 5, 'max_features': 'sqrt', 'max_depth': 10, 'criterion': 'entropy', 'class_weight': 'balanced_subsample', 'ccp_alpha': 0.0, 'bootstrap': True}",0.2963523887922129,0.37247051923246993,0.20203048150918282
"{'n_estimators': 2000, 'min_weight_fraction_leaf': 0.03, 'min_samples_split': 10, 'min_samples_leaf': 20, 'min_impurity_decrease': 0.03, 'max_leaf_nodes': None, 'max_features': 'sqrt', 'max_depth': 10, 'criterion': 'entropy', 'class_weight': 'balanced_subsample', 'ccp_alpha': 0.01, 'bootstrap': True}",0.2782227508823147,0.3560951279931186,0.20254850471544664
"{'n_estimators': 300, 'min_weight_fraction_leaf': 0.0, 'min_samples_split': 5, 'min_samples_leaf': 20, 'min_impurity_decrease': 0.0, 'max_leaf_nodes': None, 'max_features': 'log2', 'max_depth': 5, 'criterion': 'entropy', 'class_weight': 'balanced_subsample', 'ccp_alpha': 0.01, 'bootstrap': True}",0.31075551249049865,0.3774334400644668,0.20138455112766515
"{'n_estimators': 100, 'min_weight_fraction_leaf': 0.03, 'min_samples_split': 5, 'min_samples_leaf': 1, 'min_impurity_decrease': 0.03, 'max_leaf_nodes': 10, 'max_features': 'log2', 'max_depth': 5, 'criterion': 'gini', 'class_weight': 'balanced_subsample', 'ccp_alpha': 0.0, 'bootstrap': True}",0.0,0.07656384263542419,0.046399925019494075
"{'n_estimators': 2000, 'min_weight_fraction_leaf': 0.03, 'min_samples_split': 5, 'min_samples_leaf': 4, 'min_impurity_decrease': 0.03, 'max_leaf_nodes': 10, 'max_features': 'log2', 'max_depth': 3, 'criterion': 'gini', 'class_weight': 'balanced_subsample', 'ccp_alpha': 0.0, 'bootstrap': True}",0.0,0.1490071855884704,0.0
"{'n_estimators': 100, 'min_weight_fraction_leaf': 0.0, 'min_samples_split': 5, 'min_samples_leaf': 1, 'min_impurity_decrease': 0.03, 'max_leaf_nodes': None, 'max_features': 'sqrt', 'max_depth': 20, 'criterion': 'gini', 'class_weight': 'balanced_subsample', 'ccp_alpha': 0.01, 'bootstrap': True}",0.0,0.07656384263542419,0.046399925019494075
"{'n_estimators': 1000, 'min_weight_fraction_leaf': 0.0, 'min_samples_split': 2, 'min_samples_leaf': 1, 'min_impurity_decrease': 0.03, 'max_leaf_nodes': 5, 'max_features': 'sqrt', 'max_depth': 10, 'criterion': 'gini', 'class_weight': 'balanced_subsample', 'ccp_alpha': 0.01, 'bootstrap': True}",0.0,0.1490071855884704,0.0
"{'n_estimators': 100, 'min_weight_fraction_leaf': 0.0, 'min_samples_split': 10, 'min_samples_leaf': 1, 'min_impurity_decrease': 0.0, 'max_leaf_nodes': None, 'max_features': 'log2', 'max_depth': 3, 'criterion': 'entropy', 'class_weight': 'balanced_subsample', 'ccp_alpha': 0.0, 'bootstrap': True}",0.30146934781049023,0.37724021521698226,0.19224587627748738
"{'n_estimators': 2000, 'min_weight_fraction_leaf': 0.03, 'min_samples_split': 10, 'min_samples_leaf': 4, 'min_impurity_decrease': 0.0, 'max_leaf_nodes': None, 'max_features': 'sqrt', 'max_depth': 3, 'criterion': 'gini', 'class_weight': 'balanced_subsample', 'ccp_alpha': 0.0, 'bootstrap': True}",0.30808019315371,0.3773551094142791,0.19601148722195708
"{'n_estimators': 300, 'min_weight_fraction_leaf': 0.03, 'min_samples_split': 10, 'min_samples_leaf': 1, 'min_impurity_decrease': 0.0, 'max_leaf_nodes': 5, 'max_features': 'log2', 'max_depth': 5, 'criterion': 'entropy', 'class_weight': 'balanced_subsample', 'ccp_alpha': 0.01, 'bootstrap': True}",0.29727417068358813,0.37230255121204153,0.19658013001675245
"{'n_estimators': 300, 'min_weight_fraction_leaf': 0.0, 'min_samples_split': 10, 'min_samples_leaf': 1, 'min_impurity_decrease': 0.03, 'max_leaf_nodes': 10, 'max_features': 'log2', 'max_depth': 5, 'criterion': 'gini', 'class_weight': 'balanced_subsample', 'ccp_alpha': 0.01, 'bootstrap': True}",0.0,0.1490071855884704,0.0
"{'n_estimators': 2000, 'min_weight_fraction_leaf': 0.03, 'min_samples_split': 5, 'min_samples_leaf': 1, 'min_impurity_decrease': 0.03, 'max_leaf_nodes': 10, 'max_features': 'sqrt', 'max_depth': 5, 'criterion': 'gini', 'class_weight': 'balanced_subsample', 'ccp_alpha': 0.01, 'bootstrap': True}",0.0,0.1490071855884704,0.0
"{'n_estimators': 2000, 'min_weight_fraction_leaf': 0.03, 'min_samples_split': 5, 'min_samples_leaf': 20, 'min_impurity_decrease': 0.03, 'max_leaf_nodes': 10, 'max_features': 'sqrt', 'max_depth': 20, 'criterion': 'gini', 'class_weight': 'balanced_subsample', 'ccp_alpha': 0.0, 'bootstrap': True}",0.0,0.1490071855884704,0.0
"{'n_estimators': 1000, 'min_weight_fraction_leaf': 0.03, 'min_samples_split': 2, 'min_samples_leaf': 1, 'min_impurity_decrease': 0.03, 'max_leaf_nodes': 5, 'max_features': 'sqrt', 'max_depth': 5, 'criterion': 'gini', 'class_weight': 'balanced_subsample', 'ccp_alpha': 0.0, 'bootstrap': True}",0.0,0.1490071855884704,0.0
"{'n_estimators': 600, 'min_weight_fraction_leaf': 0.03, 'min_samples_split': 2, 'min_samples_leaf': 20, 'min_impurity_decrease': 0.03, 'max_leaf_nodes': 10, 'max_features': 'sqrt', 'max_depth': 3, 'criterion': 'gini', 'class_weight': 'balanced_subsample', 'ccp_alpha': 0.01, 'bootstrap': True}",0.0,0.1490071855884704,0.0
"{'n_estimators': 100, 'min_weight_fraction_leaf': 0.0, 'min_samples_split': 2, 'min_samples_leaf': 20, 'min_impurity_decrease': 0.03, 'max_leaf_nodes': 10, 'max_features': 'sqrt', 'max_depth': 5, 'criterion': 'entropy', 'class_weight': 'balanced_subsample', 'ccp_alpha': 0.0, 'bootstrap': True}",0.2741384190572846,0.3553973687197114,0.19233236586869248
"{'n_estimators': 600, 'min_weight_fraction_leaf': 0.0, 'min_samples_split': 2, 'min_samples_leaf': 4, 'min_impurity_decrease': 0.03, 'max_leaf_nodes': None, 'max_features': 'log2', 'max_depth': 20, 'criterion': 'gini', 'class_weight': 'balanced_subsample', 'ccp_alpha': 0.01, 'bootstrap': True}",0.0,0.1490071855884704,0.0
"{'n_estimators': 2000, 'min_weight_fraction_leaf': 0.0, 'min_samples_split': 2, 'min_samples_leaf': 20, 'min_impurity_decrease': 0.0, 'max_leaf_nodes': 5, 'max_features': 'sqrt', 'max_depth': 3, 'criterion': 'entropy', 'class_weight': 'balanced_subsample', 'ccp_alpha': 0.0, 'bootstrap': True}",0.3067485291055439,0.3759108342317095,0.20189830111821772
"{'n_estimators': 100, 'min_weight_fraction_leaf': 0.0, 'min_samples_split': 10, 'min_samples_leaf': 20, 'min_impurity_decrease': 0.0, 'max_leaf_nodes': 10, 'max_features': 'sqrt', 'max_depth': 20, 'criterion': 'entropy', 'class_weight': 'balanced_subsample', 'ccp_alpha': 0.0, 'bootstrap': True}",0.3245454646355979,0.3865763672207722,0.21004665082761162
"{'n_estimators': 1000, 'min_weight_fraction_leaf': 0.0, 'min_samples_split': 2, 'min_samples_leaf': 4, 'min_impurity_decrease': 0.03, 'max_leaf_nodes': None, 'max_features': 'log2', 'max_depth': 3, 'criterion': 'entropy', 'class_weight': 'balanced_subsample', 'ccp_alpha': 0.0, 'bootstrap': True}",0.2663073104312824,0.35719964649561947,0.191914737144228
"{'n_estimators': 600, 'min_weight_fraction_leaf': 0.0, 'min_samples_split': 10, 'min_samples_leaf': 20, 'min_impurity_decrease': 0.03, 'max_leaf_nodes': 5, 'max_features': 'log2', 'max_depth': 10, 'criterion': 'entropy', 'class_weight': 'balanced_subsample', 'ccp_alpha': 0.0, 'bootstrap': True}",0.2785392661902195,0.36016723464647643,0.19302059516528766
"{'n_estimators': 2000, 'min_weight_fraction_leaf': 0.0, 'min_samples_split': 2, 'min_samples_leaf': 20, 'min_impurity_decrease': 0.03, 'max_leaf_nodes': 5, 'max_features': 'log2', 'max_depth': 3, 'criterion': 'entropy', 'class_weight': 'balanced_subsample', 'ccp_alpha': 0.0, 'bootstrap': True}",0.2795769764842077,0.36222612387089437,0.19472409510772334
"{'n_estimators': 100, 'min_weight_fraction_leaf': 0.03, 'min_samples_split': 10, 'min_samples_leaf': 4, 'min_impurity_decrease': 0.0, 'max_leaf_nodes': 5, 'max_features': 'log2', 'max_depth': 5, 'criterion': 'entropy', 'class_weight': 'balanced_subsample', 'ccp_alpha': 0.01, 'bootstrap': True}",0.2961983366230046,0.3711708441409076,0.18891671247240774
"{'n_estimators': 2000, 'min_weight_fraction_leaf': 0.03, 'min_samples_split': 5, 'min_samples_leaf': 20, 'min_impurity_decrease': 0.03, 'max_leaf_nodes': None, 'max_features': 'sqrt', 'max_depth': 3, 'criterion': 'gini', 'class_weight': 'balanced_subsample', 'ccp_alpha': 0.0, 'bootstrap': True}",0.0,0.1490071855884704,0.0
"{'n_estimators': 1000, 'min_weight_fraction_leaf': 0.0, 'min_samples_split': 5, 'min_samples_leaf': 1, 'min_impurity_decrease': 0.0, 'max_leaf_nodes': None, 'max_features': 'sqrt', 'max_depth': 5, 'criterion': 'entropy', 'class_weight': 'balanced_subsample', 'ccp_alpha': 0.01, 'bootstrap': True}",0.3133887792890864,0.3755380761255349,0.2050696726250242
"{'n_estimators': 300, 'min_weight_fraction_leaf': 0.0, 'min_samples_split': 2, 'min_samples_leaf': 20, 'min_impurity_decrease': 0.03, 'max_leaf_nodes': 5, 'max_features': 'sqrt', 'max_depth': 20, 'criterion': 'gini', 'class_weight': 'balanced_subsample', 'ccp_alpha': 0.0, 'bootstrap': True}",0.0,0.1490071855884704,0.0
"{'n_estimators': 600, 'min_weight_fraction_leaf': 0.03, 'min_samples_split': 2, 'min_samples_leaf': 4, 'min_impurity_decrease': 0.03, 'max_leaf_nodes': None, 'max_features': 'sqrt', 'max_depth': 3, 'criterion': 'entropy', 'class_weight': 'balanced_subsample', 'ccp_alpha': 0.0, 'bootstrap': True}",0.2738294255668426,0.3528979173421353,0.1923068121243815
"{'n_estimators': 300, 'min_weight_fraction_leaf': 0.0, 'min_samples_split': 5, 'min_samples_leaf': 1, 'min_impurity_decrease': 0.0, 'max_leaf_nodes': 5, 'max_features': 'sqrt', 'max_depth': 10, 'criterion': 'entropy', 'class_weight': 'balanced_subsample', 'ccp_alpha': 0.01, 'bootstrap': True}",0.3050249750791905,0.37410291357545117,0.2033792346748259
"{'n_estimators': 1000, 'min_weight_fraction_leaf': 0.03, 'min_samples_split': 10, 'min_samples_leaf': 4, 'min_impurity_decrease': 0.0, 'max_leaf_nodes': 5, 'max_features': 'log2', 'max_depth': 5, 'criterion': 'entropy', 'class_weight': 'balanced_subsample', 'ccp_alpha': 0.0, 'bootstrap': True}",0.30817599577262983,0.37803605238991245,0.2000013762478389
"{'n_estimators': 600, 'min_weight_fraction_leaf': 0.0, 'min_samples_split': 2, 'min_samples_leaf': 1, 'min_impurity_decrease': 0.0, 'max_leaf_nodes': None, 'max_features': 'log2', 'max_depth': 3, 'criterion': 'entropy', 'class_weight': 'balanced_subsample', 'ccp_alpha': 0.0, 'bootstrap': True}",0.3147637773709364,0.38408514038372754,0.20363759049300703
"{'n_estimators': 1000, 'min_weight_fraction_leaf': 0.03, 'min_samples_split': 10, 'min_samples_leaf': 4, 'min_impurity_decrease': 0.03, 'max_leaf_nodes': 5, 'max_features': 'sqrt', 'max_depth': 10, 'criterion': 'entropy', 'class_weight': 'balanced_subsample', 'ccp_alpha': 0.0, 'bootstrap': True}",0.27566862189905866,0.3561477674580349,0.20447635297298686
"{'n_estimators': 600, 'min_weight_fraction_leaf': 0.0, 'min_samples_split': 5, 'min_samples_leaf': 4, 'min_impurity_decrease': 0.0, 'max_leaf_nodes': 5, 'max_features': 'sqrt', 'max_depth': 5, 'criterion': 'gini', 'class_weight': 'balanced_subsample', 'ccp_alpha': 0.0, 'bootstrap': True}",0.3053054729180828,0.374854945347074,0.19931367569377845
"{'n_estimators': 2000, 'min_weight_fraction_leaf': 0.0, 'min_samples_split': 2, 'min_samples_leaf': 4, 'min_impurity_decrease': 0.0, 'max_leaf_nodes': 10, 'max_features': 'sqrt', 'max_depth': 10, 'criterion': 'gini', 'class_weight': 'balanced_subsample', 'ccp_alpha': 0.01, 'bootstrap': True}",0.28483053363972693,0.3533775132830763,0.20127335977784963
"{'n_estimators': 1000, 'min_weight_fraction_leaf': 0.03, 'min_samples_split': 2, 'min_samples_leaf': 1, 'min_impurity_decrease': 0.03, 'max_leaf_nodes': 5, 'max_features': 'log2', 'max_depth': 20, 'criterion': 'gini', 'class_weight': 'balanced_subsample', 'ccp_alpha': 0.0, 'bootstrap': True}",0.0,0.1490071855884704,0.0
"{'n_estimators': 2000, 'min_weight_fraction_leaf': 0.03, 'min_samples_split': 2, 'min_samples_leaf': 4, 'min_impurity_decrease': 0.0, 'max_leaf_nodes': 10, 'max_features': 'sqrt', 'max_depth': 10, 'criterion': 'gini', 'class_weight': 'balanced_subsample', 'ccp_alpha': 0.0, 'bootstrap': True}",0.31640295221266174,0.38250633426733605,0.20131892590493214
"{'n_estimators': 600, 'min_weight_fraction_leaf': 0.0, 'min_samples_split': 2, 'min_samples_leaf': 20, 'min_impurity_decrease': 0.03, 'max_leaf_nodes': 5, 'max_features': 'log2', 'max_depth': 20, 'criterion': 'gini', 'class_weight': 'balanced_subsample', 'ccp_alpha': 0.01, 'bootstrap': True}",0.0,0.1490071855884704,0.0
"{'n_estimators': 300, 'min_weight_fraction_leaf': 0.0, 'min_samples_split': 2, 'min_samples_leaf': 20, 'min_impurity_decrease': 0.03, 'max_leaf_nodes': None, 'max_features': 'log2', 'max_depth': 5, 'criterion': 'entropy', 'class_weight': 'balanced_subsample', 'ccp_alpha': 0.01, 'bootstrap': True}",0.25623001072652385,0.3595689935400288,0.19198948942309144
"{'n_estimators': 2000, 'min_weight_fraction_leaf': 0.03, 'min_samples_split': 10, 'min_samples_leaf': 20, 'min_impurity_decrease': 0.03, 'max_leaf_nodes': None, 'max_features': 'sqrt', 'max_depth': 3, 'criterion': 'gini', 'class_weight': 'balanced_subsample', 'ccp_alpha': 0.01, 'bootstrap': True}",0.0,0.1490071855884704,0.0
"{'n_estimators': 100, 'min_weight_fraction_leaf': 0.0, 'min_samples_split': 10, 'min_samples_leaf': 20, 'min_impurity_decrease': 0.0, 'max_leaf_nodes': 5, 'max_features': 'log2', 'max_depth': 20, 'criterion': 'gini', 'class_weight': 'balanced_subsample', 'ccp_alpha': 0.0, 'bootstrap': True}",0.3066815350303651,0.37790192038061593,0.19210772531506293
"{'n_estimators': 600, 'min_weight_fraction_leaf': 0.03, 'min_samples_split': 10, 'min_samples_leaf': 20, 'min_impurity_decrease': 0.0, 'max_leaf_nodes': 5, 'max_features': 'log2', 'max_depth': 20, 'criterion': 'entropy', 'class_weight': 'balanced_subsample', 'ccp_alpha': 0.01, 'bootstrap': True}",0.3023859842403735,0.3732885409427514,0.19988678472626345
"{'n_estimators': 2000, 'min_weight_fraction_leaf': 0.0, 'min_samples_split': 2, 'min_samples_leaf': 4, 'min_impurity_decrease': 0.0, 'max_leaf_nodes': 5, 'max_features': 'log2', 'max_depth': 5, 'criterion': 'gini', 'class_weight': 'balanced_subsample', 'ccp_alpha': 0.01, 'bootstrap': True}",0.2862195064436093,0.36258382666827954,0.20241225952173778
"{'n_estimators': 100, 'min_weight_fraction_leaf': 0.03, 'min_samples_split': 2, 'min_samples_leaf': 20, 'min_impurity_decrease': 0.0, 'max_leaf_nodes': None, 'max_features': 'log2', 'max_depth': 10, 'criterion': 'entropy', 'class_weight': 'balanced_subsample', 'ccp_alpha': 0.0, 'bootstrap': True}",0.30645747986118593,0.3798812542778098,0.1963770109165147
"{'n_estimators': 100, 'min_weight_fraction_leaf': 0.03, 'min_samples_split': 5, 'min_samples_leaf': 4, 'min_impurity_decrease': 0.03, 'max_leaf_nodes': None, 'max_features': 'sqrt', 'max_depth': 20, 'criterion': 'entropy', 'class_weight': 'balanced_subsample', 'ccp_alpha': 0.0, 'bootstrap': True}",0.27908693346730357,0.3584085898530189,0.19244406189704089
"{'n_estimators': 2000, 'min_weight_fraction_leaf': 0.03, 'min_samples_split': 2, 'min_samples_leaf': 4, 'min_impurity_decrease': 0.0, 'max_leaf_nodes': 5, 'max_features': 'log2', 'max_depth': 5, 'criterion': 'entropy', 'class_weight': 'balanced_subsample', 'ccp_alpha': 0.01, 'bootstrap': True}",0.3060698008767419,0.3758294777972069,0.1996321738987029
"{'n_estimators': 2000, 'min_weight_fraction_leaf': 0.0, 'min_samples_split': 2, 'min_samples_leaf': 1, 'min_impurity_decrease': 0.03, 'max_leaf_nodes': None, 'max_features': 'log2', 'max_depth': 10, 'criterion': 'gini', 'class_weight': 'balanced_subsample', 'ccp_alpha': 0.01, 'bootstrap': True}",0.0,0.1490071855884704,0.0
"{'n_estimators': 600, 'min_weight_fraction_leaf': 0.0, 'min_samples_split': 10, 'min_samples_leaf': 1, 'min_impurity_decrease': 0.03, 'max_leaf_nodes': None, 'max_features': 'log2', 'max_depth': 3, 'criterion': 'gini', 'class_weight': 'balanced_subsample', 'ccp_alpha': 0.01, 'bootstrap': True}",0.0,0.1490071855884704,0.0
"{'n_estimators': 2000, 'min_weight_fraction_leaf': 0.0, 'min_samples_split': 2, 'min_samples_leaf': 4, 'min_impurity_decrease': 0.0, 'max_leaf_nodes': 5, 'max_features': 'log2', 'max_depth': 3, 'criterion': 'entropy', 'class_weight': 'balanced_subsample', 'ccp_alpha': 0.01, 'bootstrap': True}",0.30457141157433854,0.37442841603353544,0.19763801298244488
"{'n_estimators': 1000, 'min_weight_fraction_leaf': 0.0, 'min_samples_split': 10, 'min_samples_leaf': 20, 'min_impurity_decrease': 0.03, 'max_leaf_nodes': 5, 'max_features': 'log2', 'max_depth': 10, 'criterion': 'gini', 'class_weight': 'balanced_subsample', 'ccp_alpha': 0.01, 'bootstrap': True}",0.0,0.1490071855884704,0.0
"{'n_estimators': 600, 'min_weight_fraction_leaf': 0.03, 'min_samples_split': 2, 'min_samples_leaf': 4, 'min_impurity_decrease': 0.0, 'max_leaf_nodes': 10, 'max_features': 'sqrt', 'max_depth': 5, 'criterion': 'gini', 'class_weight': 'balanced_subsample', 'ccp_alpha': 0.01, 'bootstrap': True}",0.2814247228304885,0.35395279583140177,0.19629040049319194
"{'n_estimators': 1000, 'min_weight_fraction_leaf': 0.0, 'min_samples_split': 2, 'min_samples_leaf': 1, 'min_impurity_decrease': 0.03, 'max_leaf_nodes': 5, 'max_features': 'log2', 'max_depth': 20, 'criterion': 'entropy', 'class_weight': 'balanced_subsample', 'ccp_alpha': 0.0, 'bootstrap': True}",0.27438400011253866,0.3596686001643478,0.19122474073952142
"{'n_estimators': 600, 'min_weight_fraction_leaf': 0.03, 'min_samples_split': 5, 'min_samples_leaf': 1, 'min_impurity_decrease': 0.03, 'max_leaf_nodes': 10, 'max_features': 'sqrt', 'max_depth': 5, 'criterion': 'entropy', 'class_weight': 'balanced_subsample', 'ccp_alpha': 0.01, 'bootstrap': True}",0.2711858557449019,0.3512590166284157,0.19029288302434044
"{'n_estimators': 1000, 'min_weight_fraction_leaf': 0.0, 'min_samples_split': 2, 'min_samples_leaf': 4, 'min_impurity_decrease': 0.03, 'max_leaf_nodes': None, 'max_features': 'sqrt', 'max_depth': 3, 'criterion': 'gini', 'class_weight': 'balanced_subsample', 'ccp_alpha': 0.0, 'bootstrap': True}",0.0,0.1490071855884704,0.0
"{'n_estimators': 100, 'min_weight_fraction_leaf': 0.0, 'min_samples_split': 10, 'min_samples_leaf': 4, 'min_impurity_decrease': 0.0, 'max_leaf_nodes': 10, 'max_features': 'sqrt', 'max_depth': 10, 'criterion': 'entropy', 'class_weight': 'balanced_subsample', 'ccp_alpha': 0.01, 'bootstrap': True}",0.312501770955872,0.37459720072658964,0.20737773507681034
"{'n_estimators': 1000, 'min_weight_fraction_leaf': 0.03, 'min_samples_split': 5, 'min_samples_leaf': 1, 'min_impurity_decrease': 0.0, 'max_leaf_nodes': 5, 'max_features': 'log2', 'max_depth': 20, 'criterion': 'gini', 'class_weight': 'balanced_subsample', 'ccp_alpha': 0.0, 'bootstrap': True}",0.3068974144022449,0.3776745560559793,0.1986651433089257
"{'n_estimators': 300, 'min_weight_fraction_leaf': 0.03, 'min_samples_split': 10, 'min_samples_leaf': 20, 'min_impurity_decrease': 0.03, 'max_leaf_nodes': 10, 'max_features': 'log2', 'max_depth': 20, 'criterion': 'entropy', 'class_weight': 'balanced_subsample', 'ccp_alpha': 0.01, 'bootstrap': True}",0.26140077201620254,0.36148131679898277,0.19274855475901145
"{'n_estimators': 300, 'min_weight_fraction_leaf': 0.03, 'min_samples_split': 5, 'min_samples_leaf': 1, 'min_impurity_decrease': 0.0, 'max_leaf_nodes': 10, 'max_features': 'log2', 'max_depth': 20, 'criterion': 'gini', 'class_weight': 'balanced_subsample', 'ccp_alpha': 0.0, 'bootstrap': True}",0.3108648690574259,0.3818041066215787,0.20072538701178955
"{'n_estimators': 1000, 'min_weight_fraction_leaf': 0.0, 'min_samples_split': 2, 'min_samples_leaf': 4, 'min_impurity_decrease': 0.03, 'max_leaf_nodes': 10, 'max_features': 'log2', 'max_depth': 3, 'criterion': 'gini', 'class_weight': 'balanced_subsample', 'ccp_alpha': 0.0, 'bootstrap': True}",0.0,0.1490071855884704,0.0
"{'n_estimators': 100, 'min_weight_fraction_leaf': 0.0, 'min_samples_split': 10, 'min_samples_leaf': 20, 'min_impurity_decrease': 0.03, 'max_leaf_nodes': 10, 'max_features': 'sqrt', 'max_depth': 20, 'criterion': 'gini', 'class_weight': 'balanced_subsample', 'ccp_alpha': 0.01, 'bootstrap': True}",0.0,0.07656384263542419,0.046399925019494075
"{'n_estimators': 100, 'min_weight_fraction_leaf': 0.0, 'min_samples_split': 2, 'min_samples_leaf': 4, 'min_impurity_decrease': 0.03, 'max_leaf_nodes': 5, 'max_features': 'log2', 'max_depth': 5, 'criterion': 'entropy', 'class_weight': 'balanced_subsample', 'ccp_alpha': 0.01, 'bootstrap': True}",0.2478440430448431,0.35293773187298694,0.17897434101734466
"{'n_estimators': 2000, 'min_weight_fraction_leaf': 0.0, 'min_samples_split': 2, 'min_samples_leaf': 4, 'min_impurity_decrease': 0.03, 'max_leaf_nodes': 5, 'max_features': 'log2', 'max_depth': 5, 'criterion': 'entropy', 'class_weight': 'balanced_subsample', 'ccp_alpha': 0.0, 'bootstrap': True}",0.2795008680332688,0.36219005515808994,0.1946877555607022
"{'n_estimators': 600, 'min_weight_fraction_leaf': 0.0, 'min_samples_split': 5, 'min_samples_leaf': 20, 'min_impurity_decrease': 0.0, 'max_leaf_nodes': 10, 'max_features': 'sqrt', 'max_depth': 10, 'criterion': 'entropy', 'class_weight': 'balanced_subsample', 'ccp_alpha': 0.01, 'bootstrap': True}",0.31671070591845774,0.3789155621919347,0.20623244979275554
"{'n_estimators': 100, 'min_weight_fraction_leaf': 0.03, 'min_samples_split': 2, 'min_samples_leaf': 1, 'min_impurity_decrease': 0.0, 'max_leaf_nodes': None, 'max_features': 'sqrt', 'max_depth': 5, 'criterion': 'gini', 'class_weight': 'balanced_subsample', 'ccp_alpha': 0.01, 'bootstrap': True}",0.2783474200713603,0.35355365742554795,0.20280689229811924
"{'n_estimators': 100, 'min_weight_fraction_leaf': 0.0, 'min_samples_split': 2, 'min_samples_leaf': 4, 'min_impurity_decrease': 0.0, 'max_leaf_nodes': 10, 'max_features': 'log2', 'max_depth': 3, 'criterion': 'entropy', 'class_weight': 'balanced_subsample', 'ccp_alpha': 0.0, 'bootstrap': True}",0.30901535119117746,0.38210365908410227,0.19688342412681822
"{'n_estimators': 300, 'min_weight_fraction_leaf': 0.03, 'min_samples_split': 2, 'min_samples_leaf': 20, 'min_impurity_decrease': 0.0, 'max_leaf_nodes': 5, 'max_features': 'log2', 'max_depth': 5, 'criterion': 'gini', 'class_weight': 'balanced_subsample', 'ccp_alpha': 0.01, 'bootstrap': True}",0.2642546631333192,0.3566413343506554,0.1961344295052628
"{'n_estimators': 1000, 'min_weight_fraction_leaf': 0.0, 'min_samples_split': 2, 'min_samples_leaf': 4, 'min_impurity_decrease': 0.03, 'max_leaf_nodes': None, 'max_features': 'log2', 'max_depth': 10, 'criterion': 'gini', 'class_weight': 'balanced_subsample', 'ccp_alpha': 0.01, 'bootstrap': True}",0.0,0.1490071855884704,0.0
"{'n_estimators': 600, 'min_weight_fraction_leaf': 0.0, 'min_samples_split': 10, 'min_samples_leaf': 20, 'min_impurity_decrease': 0.0, 'max_leaf_nodes': 10, 'max_features': 'sqrt', 'max_depth': 5, 'criterion': 'gini', 'class_weight': 'balanced_subsample', 'ccp_alpha': 0.0, 'bootstrap': True}",0.32416799545176267,0.3875044656464551,0.20549491643898843
"{'n_estimators': 300, 'min_weight_fraction_leaf': 0.03, 'min_samples_split': 10, 'min_samples_leaf': 1, 'min_impurity_decrease': 0.0, 'max_leaf_nodes': 10, 'max_features': 'log2', 'max_depth': 20, 'criterion': 'gini', 'class_weight': 'balanced_subsample', 'ccp_alpha': 0.0, 'bootstrap': True}",0.3108648690574259,0.3818041066215787,0.20072538701178955
"{'n_estimators': 600, 'min_weight_fraction_leaf': 0.0, 'min_samples_split': 5, 'min_samples_leaf': 1, 'min_impurity_decrease': 0.03, 'max_leaf_nodes': 5, 'max_features': 'sqrt', 'max_depth': 10, 'criterion': 'entropy', 'class_weight': 'balanced_subsample', 'ccp_alpha': 0.0, 'bootstrap': True}",0.27306913569189556,0.352081230767278,0.19088826063338085
"{'n_estimators': 2000, 'min_weight_fraction_leaf': 0.0, 'min_samples_split': 2, 'min_samples_leaf': 20, 'min_impurity_decrease': 0.0, 'max_leaf_nodes': 10, 'max_features': 'sqrt', 'max_depth': 3, 'criterion': 'gini', 'class_weight': 'balanced_subsample', 'ccp_alpha': 0.0, 'bootstrap': True}",0.3125715682486386,0.3807290983336218,0.19845661537004503
"{'n_estimators': 2000, 'min_weight_fraction_leaf': 0.03, 'min_samples_split': 2, 'min_samples_leaf': 20, 'min_impurity_decrease': 0.03, 'max_leaf_nodes': None, 'max_features': 'log2', 'max_depth': 20, 'criterion': 'gini', 'class_weight': 'balanced_subsample', 'ccp_alpha': 0.01, 'bootstrap': True}",0.0,0.1490071855884704,0.0
"{'n_estimators': 600, 'min_weight_fraction_leaf': 0.03, 'min_samples_split': 5, 'min_samples_leaf': 20, 'min_impurity_decrease': 0.03, 'max_leaf_nodes': 10, 'max_features': 'sqrt', 'max_depth': 5, 'criterion': 'entropy', 'class_weight': 'balanced_subsample', 'ccp_alpha': 0.0, 'bootstrap': True}",0.2711858557449019,0.3512590166284157,0.19029288302434044
"{'n_estimators': 1000, 'min_weight_fraction_leaf': 0.03, 'min_samples_split': 10, 'min_samples_leaf': 20, 'min_impurity_decrease': 0.03, 'max_leaf_nodes': 5, 'max_features': 'sqrt', 'max_depth': 3, 'criterion': 'entropy', 'class_weight': 'balanced_subsample', 'ccp_alpha': 0.01, 'bootstrap': True}",0.27691320459251184,0.3563973303246086,0.20387336482298837
"{'n_estimators': 100, 'min_weight_fraction_leaf': 0.03, 'min_samples_split': 2, 'min_samples_leaf': 4, 'min_impurity_decrease': 0.03, 'max_leaf_nodes': 10, 'max_features': 'sqrt', 'max_depth': 3, 'criterion': 'gini', 'class_weight': 'balanced_subsample', 'ccp_alpha': 0.0, 'bootstrap': True}",0.0,0.07656384263542419,0.046399925019494075
"{'n_estimators': 600, 'min_weight_fraction_leaf': 0.0, 'min_samples_split': 2, 'min_samples_leaf': 4, 'min_impurity_decrease': 0.03, 'max_leaf_nodes': 5, 'max_features': 'sqrt', 'max_depth': 3, 'criterion': 'entropy', 'class_weight': 'balanced_subsample', 'ccp_alpha': 0.01, 'bootstrap': True}",0.272497998710359,0.35195811679688704,0.1910511559492646
"{'n_estimators': 600, 'min_weight_fraction_leaf': 0.0, 'min_samples_split': 5, 'min_samples_leaf': 4, 'min_impurity_decrease': 0.0, 'max_leaf_nodes': None, 'max_features': 'log2', 'max_depth': 20, 'criterion': 'entropy', 'class_weight': 'balanced_subsample', 'ccp_alpha': 0.0, 'bootstrap': True}",0.4200790449189218,0.49240866717104437,0.3171688780047692
"{'n_estimators': 2000, 'min_weight_fraction_leaf': 0.0, 'min_samples_split': 10, 'min_samples_leaf': 1, 'min_impurity_decrease': 0.03, 'max_leaf_nodes': 5, 'max_features': 'log2', 'max_depth': 20, 'criterion': 'gini', 'class_weight': 'balanced_subsample', 'ccp_alpha': 0.0, 'bootstrap': True}",0.0,0.1490071855884704,0.0
"{'n_estimators': 1000, 'min_weight_fraction_leaf': 0.0, 'min_samples_split': 5, 'min_samples_leaf': 1, 'min_impurity_decrease': 0.0, 'max_leaf_nodes': 5, 'max_features': 'log2', 'max_depth': 3, 'criterion': 'gini', 'class_weight': 'balanced_subsample', 'ccp_alpha': 0.0, 'bootstrap': True}",0.3098035522458089,0.37971114308901277,0.19805818369400552
"{'n_estimators': 600, 'min_weight_fraction_leaf': 0.0, 'min_samples_split': 10, 'min_samples_leaf': 20, 'min_impurity_decrease': 0.0, 'max_leaf_nodes': 10, 'max_features': 'sqrt', 'max_depth': 3, 'criterion': 'entropy', 'class_weight': 'balanced_subsample', 'ccp_alpha': 0.0, 'bootstrap': True}",0.31540923725618425,0.38370969082567025,0.20310105587067775
"{'n_estimators': 100, 'min_weight_fraction_leaf': 0.03, 'min_samples_split': 10, 'min_samples_leaf': 4, 'min_impurity_decrease': 0.03, 'max_leaf_nodes': 10, 'max_features': 'sqrt', 'max_depth': 10, 'criterion': 'entropy', 'class_weight': 'balanced_subsample', 'ccp_alpha': 0.01, 'bootstrap': True}",0.2741384190572846,0.3553973687197114,0.19233236586869248
"{'n_estimators': 100, 'min_weight_fraction_leaf': 0.03, 'min_samples_split': 10, 'min_samples_leaf': 1, 'min_impurity_decrease': 0.03, 'max_leaf_nodes': 10, 'max_features': 'log2', 'max_depth': 20, 'criterion': 'gini', 'class_weight': 'balanced_subsample', 'ccp_alpha': 0.01, 'bootstrap': True}",0.0,0.07656384263542419,0.046399925019494075
"{'n_estimators': 300, 'min_weight_fraction_leaf': 0.0, 'min_samples_split': 10, 'min_samples_leaf': 20, 'min_impurity_decrease': 0.0, 'max_leaf_nodes': None, 'max_features': 'log2', 'max_depth': 3, 'criterion': 'gini', 'class_weight': 'balanced_subsample', 'ccp_alpha': 0.0, 'bootstrap': True}",0.310849889429359,0.3826403380573848,0.19959573910375147
"{'n_estimators': 300, 'min_weight_fraction_leaf': 0.03, 'min_samples_split': 10, 'min_samples_leaf': 1, 'min_impurity_decrease': 0.0, 'max_leaf_nodes': 5, 'max_features': 'sqrt', 'max_depth': 3, 'criterion': 'gini', 'class_weight': 'balanced_subsample', 'ccp_alpha': 0.01, 'bootstrap': True}",0.2761663452817573,0.35581828367275414,0.19822631695917822
"{'n_estimators': 100, 'min_weight_fraction_leaf': 0.03, 'min_samples_split': 2, 'min_samples_leaf': 20, 'min_impurity_decrease': 0.0, 'max_leaf_nodes': None, 'max_features': 'log2', 'max_depth': 20, 'criterion': 'entropy', 'class_weight': 'balanced_subsample', 'ccp_alpha': 0.0, 'bootstrap': True}",0.30611421513303017,0.3796368016996483,0.19619477147247577
"{'n_estimators': 1000, 'min_weight_fraction_leaf': 0.0, 'min_samples_split': 2, 'min_samples_leaf': 4, 'min_impurity_decrease': 0.0, 'max_leaf_nodes': 5, 'max_features': 'sqrt', 'max_depth': 10, 'criterion': 'entropy', 'class_weight': 'balanced_subsample', 'ccp_alpha': 0.0, 'bootstrap': True}",0.3062090109424201,0.3742610175496919,0.20293280273627057
"{'n_estimators': 300, 'min_weight_fraction_leaf': 0.0, 'min_samples_split': 2, 'min_samples_leaf': 1, 'min_impurity_decrease': 0.0, 'max_leaf_nodes': 10, 'max_features': 'sqrt', 'max_depth': 20, 'criterion': 'entropy', 'class_weight': 'balanced_subsample', 'ccp_alpha': 0.01, 'bootstrap': True}",0.3153552646248393,0.3777007771363298,0.20678056406063272
"{'n_estimators': 300, 'min_weight_fraction_leaf': 0.0, 'min_samples_split': 5, 'min_samples_leaf': 1, 'min_impurity_decrease': 0.0, 'max_leaf_nodes': None, 'max_features': 'sqrt', 'max_depth': 3, 'criterion': 'gini', 'class_weight': 'balanced_subsample', 'ccp_alpha': 0.01, 'bootstrap': True}",0.28043805810109595,0.35688620530533616,0.19808913907382622
"{'n_estimators': 100, 'min_weight_fraction_leaf': 0.0, 'min_samples_split': 2, 'min_samples_leaf': 20, 'min_impurity_decrease': 0.03, 'max_leaf_nodes': None, 'max_features': 'log2', 'max_depth': 20, 'criterion': 'entropy', 'class_weight': 'balanced_subsample', 'ccp_alpha': 0.0, 'bootstrap': True}",0.24583364434832214,0.35192937231887145,0.18251147136357423
"{'n_estimators': 100, 'min_weight_fraction_leaf': 0.03, 'min_samples_split': 2, 'min_samples_leaf': 20, 'min_impurity_decrease': 0.0, 'max_leaf_nodes': 5, 'max_features': 'log2', 'max_depth': 20, 'criterion': 'entropy', 'class_weight': 'balanced_subsample', 'ccp_alpha': 0.01, 'bootstrap': True}",0.2961983366230046,0.3711708441409076,0.18891671247240774
"{'n_estimators': 100, 'min_weight_fraction_leaf': 0.03, 'min_samples_split': 10, 'min_samples_leaf': 4, 'min_impurity_decrease': 0.0, 'max_leaf_nodes': 10, 'max_features': 'log2', 'max_depth': 10, 'criterion': 'entropy', 'class_weight': 'balanced_subsample', 'ccp_alpha': 0.01, 'bootstrap': True}",0.29850657779533196,0.37224990196012225,0.1950185334269482
"{'n_estimators': 2000, 'min_weight_fraction_leaf': 0.03, 'min_samples_split': 10, 'min_samples_leaf': 20, 'min_impurity_decrease': 0.03, 'max_leaf_nodes': 10, 'max_features': 'log2', 'max_depth': 5, 'criterion': 'entropy', 'class_weight': 'balanced_subsample', 'ccp_alpha': 0.01, 'bootstrap': True}",0.27950060791851156,0.3621899439315523,0.19468731533344288
"{'n_estimators': 600, 'min_weight_fraction_leaf': 0.0, 'min_samples_split': 10, 'min_samples_leaf': 4, 'min_impurity_decrease': 0.0, 'max_leaf_nodes': 5, 'max_features': 'sqrt', 'max_depth': 20, 'criterion': 'entropy', 'class_weight': 'balanced_subsample', 'ccp_alpha': 0.01, 'bootstrap': True}",0.3042149105082855,0.3730580711578333,0.2021687528591181
"{'n_estimators': 600, 'min_weight_fraction_leaf': 0.03, 'min_samples_split': 5, 'min_samples_leaf': 1, 'min_impurity_decrease': 0.03, 'max_leaf_nodes': None, 'max_features': 'sqrt', 'max_depth': 10, 'criterion': 'entropy', 'class_weight': 'balanced_subsample', 'ccp_alpha': 0.01, 'bootstrap': True}",0.2739575355269552,0.352907934090184,0.19231697484150545
"{'n_estimators': 2000, 'min_weight_fraction_leaf': 0.03, 'min_samples_split': 5, 'min_samples_leaf': 4, 'min_impurity_decrease': 0.0, 'max_leaf_nodes': None, 'max_features': 'log2', 'max_depth': 10, 'criterion': 'entropy', 'class_weight': 'balanced_subsample', 'ccp_alpha': 0.01, 'bootstrap': True}",0.30986178297634676,0.37697883862386994,0.201475937462833
"{'n_estimators': 600, 'min_weight_fraction_leaf': 0.0, 'min_samples_split': 10, 'min_samples_leaf': 1, 'min_impurity_decrease': 0.0, 'max_leaf_nodes': 10, 'max_features': 'log2', 'max_depth': 5, 'criterion': 'gini', 'class_weight': 'balanced_subsample', 'ccp_alpha': 0.0, 'bootstrap': True}",0.32179615814845947,0.38730189258635767,0.20641127671837536
"{'n_estimators': 300, 'min_weight_fraction_leaf': 0.0, 'min_samples_split': 2, 'min_samples_leaf': 4, 'min_impurity_decrease': 0.0, 'max_leaf_nodes': None, 'max_features': 'sqrt', 'max_depth': 5, 'criterion': 'entropy', 'class_weight': 'balanced_subsample', 'ccp_alpha': 0.0, 'bootstrap': True}",0.33549606680053506,0.3981667836532508,0.21646789785811027
"{'n_estimators': 2000, 'min_weight_fraction_leaf': 0.03, 'min_samples_split': 5, 'min_samples_leaf': 1, 'min_impurity_decrease': 0.0, 'max_leaf_nodes': None, 'max_features': 'sqrt', 'max_depth': 20, 'criterion': 'gini', 'class_weight': 'balanced_subsample', 'ccp_alpha': 0.01, 'bootstrap': True}",0.28149583800103356,0.3528687328404061,0.20149805320010286
"{'n_estimators': 2000, 'min_weight_fraction_leaf': 0.0, 'min_samples_split': 2, 'min_samples_leaf': 4, 'min_impurity_decrease': 0.03, 'max_leaf_nodes': 5, 'max_features': 'log2', 'max_depth': 10, 'criterion': 'entropy', 'class_weight': 'balanced_subsample', 'ccp_alpha': 0.0, 'bootstrap': True}",0.2795008680332688,0.36219005515808994,0.1946877555607022
"{'n_estimators': 1000, 'min_weight_fraction_leaf': 0.03, 'min_samples_split': 5, 'min_samples_leaf': 20, 'min_impurity_decrease': 0.03, 'max_leaf_nodes': None, 'max_features': 'log2', 'max_depth': 3, 'criterion': 'gini', 'class_weight': 'balanced_subsample', 'ccp_alpha': 0.0, 'bootstrap': True}",0.0,0.1490071855884704,0.0
"{'n_estimators': 1000, 'min_weight_fraction_leaf': 0.0, 'min_samples_split': 2, 'min_samples_leaf': 20, 'min_impurity_decrease': 0.0, 'max_leaf_nodes': 10, 'max_features': 'log2', 'max_depth': 20, 'criterion': 'entropy', 'class_weight': 'balanced_subsample', 'ccp_alpha': 0.0, 'bootstrap': True}",0.3230761360255057,0.3875456200369598,0.2063239094622579
"{'n_estimators': 1000, 'min_weight_fraction_leaf': 0.03, 'min_samples_split': 10, 'min_samples_leaf': 1, 'min_impurity_decrease': 0.0, 'max_leaf_nodes': 10, 'max_features': 'log2', 'max_depth': 20, 'criterion': 'gini', 'class_weight': 'balanced_subsample', 'ccp_alpha': 0.0, 'bootstrap': True}",0.3124361621926038,0.38158366554423867,0.2002328941287629
"{'n_estimators': 1000, 'min_weight_fraction_leaf': 0.0, 'min_samples_split': 2, 'min_samples_leaf': 20, 'min_impurity_decrease': 0.03, 'max_leaf_nodes': 5, 'max_features': 'sqrt', 'max_depth': 3, 'criterion': 'gini', 'class_weight': 'balanced_subsample', 'ccp_alpha': 0.01, 'bootstrap': True}",0.0,0.1490071855884704,0.0
"{'n_estimators': 300, 'min_weight_fraction_leaf': 0.0, 'min_samples_split': 5, 'min_samples_leaf': 1, 'min_impurity_decrease': 0.03, 'max_leaf_nodes': None, 'max_features': 'sqrt', 'max_depth': 3, 'criterion': 'gini', 'class_weight': 'balanced_subsample', 'ccp_alpha': 0.0, 'bootstrap': True}",0.0,0.1490071855884704,0.0
"{'n_estimators': 1000, 'min_weight_fraction_leaf': 0.03, 'min_samples_split': 10, 'min_samples_leaf': 20, 'min_impurity_decrease': 0.0, 'max_leaf_nodes': 5, 'max_features': 'log2', 'max_depth': 10, 'criterion': 'gini', 'class_weight': 'balanced_subsample', 'ccp_alpha': 0.0, 'bootstrap': True}",0.3068974144022449,0.3776745560559793,0.1986651433089257
"{'n_estimators': 100, 'min_weight_fraction_leaf': 0.0, 'min_samples_split': 10, 'min_samples_leaf': 1, 'min_impurity_decrease': 0.0, 'max_leaf_nodes': None, 'max_features': 'log2', 'max_depth': 5, 'criterion': 'entropy', 'class_weight': 'balanced_subsample', 'ccp_alpha': 0.0, 'bootstrap': True}",0.32267906164253096,0.39040279541352074,0.2044798233737167
"{'n_estimators': 300, 'min_weight_fraction_leaf': 0.0, 'min_samples_split': 10, 'min_samples_leaf': 1, 'min_impurity_decrease': 0.03, 'max_leaf_nodes': 5, 'max_features': 'sqrt', 'max_depth': 5, 'criterion': 'entropy', 'class_weight': 'balanced_subsample', 'ccp_alpha': 0.0, 'bootstrap': True}",0.28055371058509143,0.3621931629660322,0.19681408100334133
"{'n_estimators': 2000, 'min_weight_fraction_leaf': 0.0, 'min_samples_split': 2, 'min_samples_leaf': 1, 'min_impurity_decrease': 0.0, 'max_leaf_nodes': 5, 'max_features': 'log2', 'max_depth': 5, 'criterion': 'entropy', 'class_weight': 'balanced_subsample', 'ccp_alpha': 0.01, 'bootstrap': True}",0.3076005165417304,0.3759003117258259,0.19939797430069703
"{'n_estimators': 2000, 'min_weight_fraction_leaf': 0.03, 'min_samples_split': 2, 'min_samples_leaf': 20, 'min_impurity_decrease': 0.0, 'max_leaf_nodes': None, 'max_features': 'sqrt', 'max_depth': 10, 'criterion': 'entropy', 'class_weight': 'balanced_subsample', 'ccp_alpha': 0.01, 'bootstrap': True}",0.30824297467077755,0.3720272115544101,0.20506773136282005
"{'n_estimators': 2000, 'min_weight_fraction_leaf': 0.03, 'min_samples_split': 10, 'min_samples_leaf': 20, 'min_impurity_decrease': 0.03, 'max_leaf_nodes': 5, 'max_features': 'sqrt', 'max_depth': 3, 'criterion': 'gini', 'class_weight': 'balanced_subsample', 'ccp_alpha': 0.01, 'bootstrap': True}",0.0,0.1490071855884704,0.0
"{'n_estimators': 300, 'min_weight_fraction_leaf': 0.03, 'min_samples_split': 10, 'min_samples_leaf': 20, 'min_impurity_decrease': 0.0, 'max_leaf_nodes': 10, 'max_features': 'sqrt', 'max_depth': 20, 'criterion': 'gini', 'class_weight': 'balanced_subsample', 'ccp_alpha': 0.01, 'bootstrap': True}",0.28071092612653037,0.3558851115887138,0.20267857398811648
"{'n_estimators': 1000, 'min_weight_fraction_leaf': 0.03, 'min_samples_split': 5, 'min_samples_leaf': 4, 'min_impurity_decrease': 0.03, 'max_leaf_nodes': None, 'max_features': 'sqrt', 'max_depth': 20, 'criterion': 'entropy', 'class_weight': 'balanced_subsample', 'ccp_alpha': 0.01, 'bootstrap': True}",0.2775012565842164,0.3566733791728976,0.20419025872597826
"{'n_estimators': 1000, 'min_weight_fraction_leaf': 0.0, 'min_samples_split': 10, 'min_samples_leaf': 4, 'min_impurity_decrease': 0.03, 'max_leaf_nodes': 5, 'max_features': 'sqrt', 'max_depth': 10, 'criterion': 'gini', 'class_weight': 'balanced_subsample', 'ccp_alpha': 0.0, 'bootstrap': True}",0.0,0.1490071855884704,0.0
"{'n_estimators': 300, 'min_weight_fraction_leaf': 0.03, 'min_samples_split': 2, 'min_samples_leaf': 4, 'min_impurity_decrease': 0.0, 'max_leaf_nodes': None, 'max_features': 'log2', 'max_depth': 3, 'criterion': 'entropy', 'class_weight': 'balanced_subsample', 'ccp_alpha': 0.01, 'bootstrap': True}",0.2935374510086117,0.37046320960383117,0.194023064410164
"{'n_estimators': 1000, 'min_weight_fraction_leaf': 0.0, 'min_samples_split': 2, 'min_samples_leaf': 20, 'min_impurity_decrease': 0.0, 'max_leaf_nodes': 10, 'max_features': 'sqrt', 'max_depth': 10, 'criterion': 'entropy', 'class_weight': 'balanced_subsample', 'ccp_alpha': 0.0, 'bootstrap': True}",0.3225302761567424,0.38485772493659626,0.20792881067289173
"{'n_estimators': 300, 'min_weight_fraction_leaf': 0.03, 'min_samples_split': 10, 'min_samples_leaf': 20, 'min_impurity_decrease': 0.0, 'max_leaf_nodes': 10, 'max_features': 'log2', 'max_depth': 10, 'criterion': 'gini', 'class_weight': 'balanced_subsample', 'ccp_alpha': 0.01, 'bootstrap': True}",0.27071944984911217,0.35824111166366596,0.1977979597626394
"{'n_estimators': 100, 'min_weight_fraction_leaf': 0.03, 'min_samples_split': 5, 'min_samples_leaf': 4, 'min_impurity_decrease': 0.0, 'max_leaf_nodes': 10, 'max_features': 'log2', 'max_depth': 3, 'criterion': 'entropy', 'class_weight': 'balanced_subsample', 'ccp_alpha': 0.0, 'bootstrap': True}",0.3022823459916565,0.3781231511590011,0.18938291300962007
"{'n_estimators': 1000, 'min_weight_fraction_leaf': 0.03, 'min_samples_split': 10, 'min_samples_leaf': 20, 'min_impurity_decrease': 0.0, 'max_leaf_nodes': None, 'max_features': 'log2', 'max_depth': 10, 'criterion': 'gini', 'class_weight': 'balanced_subsample', 'ccp_alpha': 0.0, 'bootstrap': True}",0.3150343096511016,0.3839504641528247,0.20187782898876452
"{'n_estimators': 1000, 'min_weight_fraction_leaf': 0.0, 'min_samples_split': 10, 'min_samples_leaf': 4, 'min_impurity_decrease': 0.0, 'max_leaf_nodes': 10, 'max_features': 'sqrt', 'max_depth': 5, 'criterion': 'gini', 'class_weight': 'balanced_subsample', 'ccp_alpha': 0.0, 'bootstrap': True}",0.3233729624690727,0.3863246912650867,0.20440182027481849
"{'n_estimators': 100, 'min_weight_fraction_leaf': 0.0, 'min_samples_split': 2, 'min_samples_leaf': 4, 'min_impurity_decrease': 0.0, 'max_leaf_nodes': 10, 'max_features': 'log2', 'max_depth': 10, 'criterion': 'gini', 'class_weight': 'balanced_subsample', 'ccp_alpha': 0.0, 'bootstrap': True}",0.32283720870777205,0.3887417457912039,0.20206157927683513
"{'n_estimators': 600, 'min_weight_fraction_leaf': 0.0, 'min_samples_split': 10, 'min_samples_leaf': 20, 'min_impurity_decrease': 0.03, 'max_leaf_nodes': 10, 'max_features': 'sqrt', 'max_depth': 5, 'criterion': 'gini', 'class_weight': 'balanced_subsample', 'ccp_alpha': 0.01, 'bootstrap': True}",0.0,0.1490071855884704,0.0
"{'n_estimators': 2000, 'min_weight_fraction_leaf': 0.0, 'min_samples_split': 2, 'min_samples_leaf': 1, 'min_impurity_decrease': 0.03, 'max_leaf_nodes': None, 'max_features': 'sqrt', 'max_depth': 5, 'criterion': 'gini', 'class_weight': 'balanced_subsample', 'ccp_alpha': 0.01, 'bootstrap': True}",0.0,0.1490071855884704,0.0
"{'n_estimators': 1000, 'min_weight_fraction_leaf': 0.03, 'min_samples_split': 2, 'min_samples_leaf': 20, 'min_impurity_decrease': 0.0, 'max_leaf_nodes': None, 'max_features': 'log2', 'max_depth': 20, 'criterion': 'gini', 'class_weight': 'balanced_subsample', 'ccp_alpha': 0.0, 'bootstrap': True}",0.314912895689478,0.3839004153065885,0.20171764985024618
"{'n_estimators': 1000, 'min_weight_fraction_leaf': 0.03, 'min_samples_split': 2, 'min_samples_leaf': 4, 'min_impurity_decrease': 0.03, 'max_leaf_nodes': 5, 'max_features': 'log2', 'max_depth': 3, 'criterion': 'entropy', 'class_weight': 'balanced_subsample', 'ccp_alpha': 0.0, 'bootstrap': True}",0.2736600634513208,0.359515872806308,0.19118854504083949
"{'n_estimators': 100, 'min_weight_fraction_leaf': 0.03, 'min_samples_split': 2, 'min_samples_leaf': 20, 'min_impurity_decrease': 0.03, 'max_leaf_nodes': None, 'max_features': 'sqrt', 'max_depth': 3, 'criterion': 'entropy', 'class_weight': 'balanced_subsample', 'ccp_alpha': 0.0, 'bootstrap': True}",0.2780612106440585,0.35810691529335953,0.19241159367435653
"{'n_estimators': 2000, 'min_weight_fraction_leaf': 0.0, 'min_samples_split': 2, 'min_samples_leaf': 1, 'min_impurity_decrease': 0.0, 'max_leaf_nodes': 5, 'max_features': 'sqrt', 'max_depth': 5, 'criterion': 'gini', 'class_weight': 'balanced_subsample', 'ccp_alpha': 0.01, 'bootstrap': True}",0.2802137645053047,0.3542139230617873,0.19840089759274218
"{'n_estimators': 100, 'min_weight_fraction_leaf': 0.03, 'min_samples_split': 5, 'min_samples_leaf': 1, 'min_impurity_decrease': 0.03, 'max_leaf_nodes': 5, 'max_features': 'sqrt', 'max_depth': 20, 'criterion': 'gini', 'class_weight': 'balanced_subsample', 'ccp_alpha': 0.01, 'bootstrap': True}",0.0,0.07656384263542419,0.046399925019494075
"{'n_estimators': 1000, 'min_weight_fraction_leaf': 0.0, 'min_samples_split': 5, 'min_samples_leaf': 20, 'min_impurity_decrease': 0.0, 'max_leaf_nodes': 5, 'max_features': 'sqrt', 'max_depth': 20, 'criterion': 'entropy', 'class_weight': 'balanced_subsample', 'ccp_alpha': 0.01, 'bootstrap': True}",0.3009176484056993,0.3699682074197976,0.2014796054142085
"{'n_estimators': 300, 'min_weight_fraction_leaf': 0.0, 'min_samples_split': 10, 'min_samples_leaf': 20, 'min_impurity_decrease': 0.0, 'max_leaf_nodes': None, 'max_features': 'sqrt', 'max_depth': 10, 'criterion': 'entropy', 'class_weight': 'balanced_subsample', 'ccp_alpha': 0.0, 'bootstrap': True}",0.37800067373134905,0.4399435113997172,0.2568318448828048
"{'n_estimators': 1000, 'min_weight_fraction_leaf': 0.0, 'min_samples_split': 5, 'min_samples_leaf': 4, 'min_impurity_decrease': 0.0, 'max_leaf_nodes': None, 'max_features': 'sqrt', 'max_depth': 20, 'criterion': 'entropy', 'class_weight': 'balanced_subsample', 'ccp_alpha': 0.0, 'bootstrap': True}",0.43446580021969394,0.5089729139239423,0.33309483319182825
"{'n_estimators': 300, 'min_weight_fraction_leaf': 0.03, 'min_samples_split': 2, 'min_samples_leaf': 4, 'min_impurity_decrease': 0.03, 'max_leaf_nodes': 5, 'max_features': 'log2', 'max_depth': 5, 'criterion': 'entropy', 'class_weight': 'balanced_subsample', 'ccp_alpha': 0.01, 'bootstrap': True}",0.26140077201620254,0.36148131679898277,0.19274855475901145
"{'n_estimators': 1000, 'min_weight_fraction_leaf': 0.03, 'min_samples_split': 5, 'min_samples_leaf': 4, 'min_impurity_decrease': 0.03, 'max_leaf_nodes': 5, 'max_features': 'sqrt', 'max_depth': 10, 'criterion': 'gini', 'class_weight': 'balanced_subsample', 'ccp_alpha': 0.0, 'bootstrap': True}",0.0,0.1490071855884704,0.0
"{'n_estimators': 100, 'min_weight_fraction_leaf': 0.03, 'min_samples_split': 10, 'min_samples_leaf': 4, 'min_impurity_decrease': 0.0, 'max_leaf_nodes': 10, 'max_features': 'log2', 'max_depth': 10, 'criterion': 'gini', 'class_weight': 'balanced_subsample', 'ccp_alpha': 0.0, 'bootstrap': True}",0.3053942887280791,0.38036564997077865,0.19593059080386288
"{'n_estimators': 100, 'min_weight_fraction_leaf': 0.0, 'min_samples_split': 5, 'min_samples_leaf': 20, 'min_impurity_decrease': 0.0, 'max_leaf_nodes': 10, 'max_features': 'sqrt', 'max_depth': 3, 'criterion': 'entropy', 'class_weight': 'balanced_subsample', 'ccp_alpha': 0.0, 'bootstrap': True}",0.31452392046584526,0.38658935092868196,0.20851256346091887
"{'n_estimators': 100, 'min_weight_fraction_leaf': 0.0, 'min_samples_split': 5, 'min_samples_leaf': 20, 'min_impurity_decrease': 0.0, 'max_leaf_nodes': 10, 'max_features': 'log2', 'max_depth': 5, 'criterion': 'gini', 'class_weight': 'balanced_subsample', 'ccp_alpha': 0.01, 'bootstrap': True}",0.27956275273314796,0.3586401566271458,0.19221894174515744
"{'n_estimators': 100, 'min_weight_fraction_leaf': 0.03, 'min_samples_split': 2, 'min_samples_leaf': 1, 'min_impurity_decrease': 0.0, 'max_leaf_nodes': None, 'max_features': 'log2', 'max_depth': 10, 'criterion': 'entropy', 'class_weight': 'balanced_subsample', 'ccp_alpha': 0.0, 'bootstrap': True}",0.30645747986118593,0.3798812542778098,0.1963770109165147
"{'n_estimators': 300, 'min_weight_fraction_leaf': 0.03, 'min_samples_split': 10, 'min_samples_leaf': 20, 'min_impurity_decrease': 0.0, 'max_leaf_nodes': None, 'max_features': 'sqrt', 'max_depth': 5, 'criterion': 'gini', 'class_weight': 'balanced_subsample', 'ccp_alpha': 0.0, 'bootstrap': True}",0.31848764452411105,0.3850499714103412,0.20178309312862805
"{'n_estimators': 300, 'min_weight_fraction_leaf': 0.03, 'min_samples_split': 2, 'min_samples_leaf': 4, 'min_impurity_decrease': 0.0, 'max_leaf_nodes': 5, 'max_features': 'log2', 'max_depth': 5, 'criterion': 'gini', 'class_weight': 'balanced_subsample', 'ccp_alpha': 0.0, 'bootstrap': True}",0.3010506876963093,0.3758495295487417,0.19756063858685013
"{'n_estimators': 1000, 'min_weight_fraction_leaf': 0.03, 'min_samples_split': 5, 'min_samples_leaf': 4, 'min_impurity_decrease': 0.03, 'max_leaf_nodes': 5, 'max_features': 'sqrt', 'max_depth': 3, 'criterion': 'entropy', 'class_weight': 'balanced_subsample', 'ccp_alpha': 0.01, 'bootstrap': True}",0.27691320459251184,0.3563973303246086,0.20387336482298837
"{'n_estimators': 2000, 'min_weight_fraction_leaf': 0.0, 'min_samples_split': 2, 'min_samples_leaf': 4, 'min_impurity_decrease': 0.0, 'max_leaf_nodes': 5, 'max_features': 'log2', 'max_depth': 10, 'criterion': 'entropy', 'class_weight': 'balanced_subsample', 'ccp_alpha': 0.0, 'bootstrap': True}",0.3122774881257026,0.3798858050647707,0.20154979370795803
"{'n_estimators': 300, 'min_weight_fraction_leaf': 0.0, 'min_samples_split': 2, 'min_samples_leaf': 1, 'min_impurity_decrease': 0.03, 'max_leaf_nodes': 5, 'max_features': 'sqrt', 'max_depth': 5, 'criterion': 'entropy', 'class_weight': 'balanced_subsample', 'ccp_alpha': 0.01, 'bootstrap': True}",0.28055371058509143,0.3621931629660322,0.19681408100334133
"{'n_estimators': 100, 'min_weight_fraction_leaf': 0.0, 'min_samples_split': 10, 'min_samples_leaf': 20, 'min_impurity_decrease': 0.0, 'max_leaf_nodes': None, 'max_features': 'log2', 'max_depth': 10, 'criterion': 'entropy', 'class_weight': 'balanced_subsample', 'ccp_alpha': 0.0, 'bootstrap': True}",0.36451580650127696,0.42939163802567526,0.24437910151602457
"{'n_estimators': 1000, 'min_weight_fraction_leaf': 0.03, 'min_samples_split': 5, 'min_samples_leaf': 4, 'min_impurity_decrease': 0.0, 'max_leaf_nodes': 10, 'max_features': 'log2', 'max_depth': 10, 'criterion': 'gini', 'class_weight': 'balanced_subsample', 'ccp_alpha': 0.0, 'bootstrap': True}",0.3124361621926038,0.38158366554423867,0.2002328941287629
"{'n_estimators': 300, 'min_weight_fraction_leaf': 0.03, 'min_samples_split': 10, 'min_samples_leaf': 20, 'min_impurity_decrease': 0.0, 'max_leaf_nodes': 10, 'max_features': 'log2', 'max_depth': 20, 'criterion': 'entropy', 'class_weight': 'balanced_subsample', 'ccp_alpha': 0.0, 'bootstrap': True}",0.3128566626881922,0.38300378608690994,0.2027476011992133
"{'n_estimators': 100, 'min_weight_fraction_leaf': 0.03, 'min_samples_split': 2, 'min_samples_leaf': 1, 'min_impurity_decrease': 0.0, 'max_leaf_nodes': 5, 'max_features': 'sqrt', 'max_depth': 20, 'criterion': 'gini', 'class_weight': 'balanced_subsample', 'ccp_alpha': 0.0, 'bootstrap': True}",0.294644358613715,0.3719819445845745,0.2022570885253189
"{'n_estimators': 100, 'min_weight_fraction_leaf': 0.03, 'min_samples_split': 2, 'min_samples_leaf': 20, 'min_impurity_decrease': 0.0, 'max_leaf_nodes': None, 'max_features': 'sqrt', 'max_depth': 10, 'criterion': 'gini', 'class_weight': 'balanced_subsample', 'ccp_alpha': 0.01, 'bootstrap': True}",0.2627741891153035,0.34486981938267197,0.2022601173452543
"{'n_estimators': 600, 'min_weight_fraction_leaf': 0.03, 'min_samples_split': 2, 'min_samples_leaf': 20, 'min_impurity_decrease': 0.03, 'max_leaf_nodes': None, 'max_features': 'log2', 'max_depth': 10, 'criterion': 'gini', 'class_weight': 'balanced_subsample', 'ccp_alpha': 0.0, 'bootstrap': True}",0.0,0.1490071855884704,0.0
"{'n_estimators': 100, 'min_weight_fraction_leaf': 0.0, 'min_samples_split': 10, 'min_samples_leaf': 4, 'min_impurity_decrease': 0.0, 'max_leaf_nodes': None, 'max_features': 'log2', 'max_depth': 20, 'criterion': 'entropy', 'class_weight': 'balanced_subsample', 'ccp_alpha': 0.01, 'bootstrap': True}",0.31672746475185914,0.37842561506900013,0.20228373263811272
"{'n_estimators': 600, 'min_weight_fraction_leaf': 0.03, 'min_samples_split': 10, 'min_samples_leaf': 4, 'min_impurity_decrease': 0.0, 'max_leaf_nodes': None, 'max_features': 'log2', 'max_depth': 3, 'criterion': 'entropy', 'class_weight': 'balanced_subsample', 'ccp_alpha': 0.01, 'bootstrap': True}",0.29735979974605053,0.3704755634246055,0.19627791393470848
"{'n_estimators': 600, 'min_weight_fraction_leaf': 0.0, 'min_samples_split': 2, 'min_samples_leaf': 1, 'min_impurity_decrease': 0.0, 'max_leaf_nodes': 5, 'max_features': 'sqrt', 'max_depth': 5, 'criterion': 'gini', 'class_weight': 'balanced_subsample', 'ccp_alpha': 0.01, 'bootstrap': True}",0.2785399389383855,0.35399576386657383,0.19484674875656424
"{'n_estimators': 100, 'min_weight_fraction_leaf': 0.0, 'min_samples_split': 5, 'min_samples_leaf': 1, 'min_impurity_decrease': 0.0, 'max_leaf_nodes': None, 'max_features': 'sqrt', 'max_depth': 10, 'criterion': 'entropy', 'class_weight': 'balanced_subsample', 'ccp_alpha': 0.0, 'bootstrap': True}",0.38067896212799,0.4439228690379419,0.26292833729937576
"{'n_estimators': 100, 'min_weight_fraction_leaf': 0.03, 'min_samples_split': 5, 'min_samples_leaf': 4, 'min_impurity_decrease': 0.0, 'max_leaf_nodes': 5, 'max_features': 'log2', 'max_depth': 10, 'criterion': 'entropy', 'class_weight': 'balanced_subsample', 'ccp_alpha': 0.0, 'bootstrap': True}",0.30066948182045605,0.3761375144413468,0.19027201203920763
"{'n_estimators': 300, 'min_weight_fraction_leaf': 0.0, 'min_samples_split': 5, 'min_samples_leaf': 20, 'min_impurity_decrease': 0.0, 'max_leaf_nodes': 5, 'max_features': 'log2', 'max_depth': 5, 'criterion': 'entropy', 'class_weight': 'balanced_subsample', 'ccp_alpha': 0.01, 'bootstrap': True}",0.30503516386731094,0.3746746714654829,0.19660873604191156
"{'n_estimators': 600, 'min_weight_fraction_leaf': 0.0, 'min_samples_split': 2, 'min_samples_leaf': 20, 'min_impurity_decrease': 0.03, 'max_leaf_nodes': None, 'max_features': 'sqrt', 'max_depth': 10, 'criterion': 'entropy', 'class_weight': 'balanced_subsample', 'ccp_alpha': 0.0, 'bootstrap': True}",0.2737545230121985,0.3525454749590879,0.19269125755932456
"{'n_estimators': 100, 'min_weight_fraction_leaf': 0.03, 'min_samples_split': 2, 'min_samples_leaf': 20, 'min_impurity_decrease': 0.03, 'max_leaf_nodes': None, 'max_features': 'log2', 'max_depth': 3, 'criterion': 'entropy', 'class_weight': 'balanced_subsample', 'ccp_alpha': 0.0, 'bootstrap': True}",0.24814555019174703,0.35414189508901756,0.18202213313767682
"{'n_estimators': 600, 'min_weight_fraction_leaf': 0.0, 'min_samples_split': 2, 'min_samples_leaf': 20, 'min_impurity_decrease': 0.0, 'max_leaf_nodes': 10, 'max_features': 'log2', 'max_depth': 10, 'criterion': 'gini', 'class_weight': 'balanced_subsample', 'ccp_alpha': 0.01, 'bootstrap': True}",0.28213387786415633,0.35531032974187876,0.2067006864044382
"{'n_estimators': 600, 'min_weight_fraction_leaf': 0.0, 'min_samples_split': 10, 'min_samples_leaf': 4, 'min_impurity_decrease': 0.03, 'max_leaf_nodes': 10, 'max_features': 'log2', 'max_depth': 3, 'criterion': 'gini', 'class_weight': 'balanced_subsample', 'ccp_alpha': 0.0, 'bootstrap': True}",0.0,0.1490071855884704,0.0
"{'n_estimators': 100, 'min_weight_fraction_leaf': 0.03, 'min_samples_split': 10, 'min_samples_leaf': 1, 'min_impurity_decrease': 0.0, 'max_leaf_nodes': 10, 'max_features': 'log2', 'max_depth': 10, 'criterion': 'gini', 'class_weight': 'balanced_subsample', 'ccp_alpha': 0.01, 'bootstrap': True}",0.2702103155536897,0.3540323551424179,0.1866642376709208
"{'n_estimators': 2000, 'min_weight_fraction_leaf': 0.03, 'min_samples_split': 10, 'min_samples_leaf': 20, 'min_impurity_decrease': 0.0, 'max_leaf_nodes': 5, 'max_features': 'sqrt', 'max_depth': 20, 'criterion': 'gini', 'class_weight': 'balanced_subsample', 'ccp_alpha': 0.0, 'bootstrap': True}",0.30214839816520184,0.3732318439171207,0.19769799496866228
"{'n_estimators': 600, 'min_weight_fraction_leaf': 0.0, 'min_samples_split': 10, 'min_samples_leaf': 4, 'min_impurity_decrease': 0.0, 'max_leaf_nodes': 10, 'max_features': 'sqrt', 'max_depth': 20, 'criterion': 'gini', 'class_weight': 'balanced_subsample', 'ccp_alpha': 0.0, 'bootstrap': True}",0.32358159607339027,0.38646700524335276,0.20551017832435672
"{'n_estimators': 600, 'min_weight_fraction_leaf': 0.0, 'min_samples_split': 10, 'min_samples_leaf': 1, 'min_impurity_decrease': 0.0, 'max_leaf_nodes': 10, 'max_features': 'log2', 'max_depth': 3, 'criterion': 'entropy', 'class_weight': 'balanced_subsample', 'ccp_alpha': 0.01, 'bootstrap': True}",0.30573600441309773,0.37434124599011204,0.19959831861390923
"{'n_estimators': 600, 'min_weight_fraction_leaf': 0.0, 'min_samples_split': 5, 'min_samples_leaf': 20, 'min_impurity_decrease': 0.03, 'max_leaf_nodes': None, 'max_features': 'log2', 'max_depth': 3, 'criterion': 'entropy', 'class_weight': 'balanced_subsample', 'ccp_alpha': 0.0, 'bootstrap': True}",0.2763824818208163,0.3587428094655192,0.19332872985185987
"{'n_estimators': 300, 'min_weight_fraction_leaf': 0.03, 'min_samples_split': 5, 'min_samples_leaf': 4, 'min_impurity_decrease': 0.0, 'max_leaf_nodes': None, 'max_features': 'log2', 'max_depth': 5, 'criterion': 'gini', 'class_weight': 'balanced_subsample', 'ccp_alpha': 0.01, 'bootstrap': True}",0.27591448437435756,0.35840008731121925,0.19933647274726993
"{'n_estimators': 2000, 'min_weight_fraction_leaf': 0.03, 'min_samples_split': 10, 'min_samples_leaf': 20, 'min_impurity_decrease': 0.03, 'max_leaf_nodes': 10, 'max_features': 'log2', 'max_depth': 10, 'criterion': 'gini', 'class_weight': 'balanced_subsample', 'ccp_alpha': 0.01, 'bootstrap': True}",0.0,0.1490071855884704,0.0
"{'n_estimators': 100, 'min_weight_fraction_leaf': 0.0, 'min_samples_split': 5, 'min_samples_leaf': 20, 'min_impurity_decrease': 0.03, 'max_leaf_nodes': 10, 'max_features': 'log2', 'max_depth': 5, 'criterion': 'gini', 'class_weight': 'balanced_subsample', 'ccp_alpha': 0.0, 'bootstrap': True}",0.0,0.07656384263542419,0.046399925019494075
"{'n_estimators': 2000, 'min_weight_fraction_leaf': 0.03, 'min_samples_split': 10, 'min_samples_leaf': 20, 'min_impurity_decrease': 0.03, 'max_leaf_nodes': 5, 'max_features': 'sqrt', 'max_depth': 3, 'criterion': 'entropy', 'class_weight': 'balanced_subsample', 'ccp_alpha': 0.0, 'bootstrap': True}",0.2779628743975005,0.3571169633501752,0.20151309511136203
"{'n_estimators': 100, 'min_weight_fraction_leaf': 0.0, 'min_samples_split': 2, 'min_samples_leaf': 20, 'min_impurity_decrease': 0.03, 'max_leaf_nodes': 5, 'max_features': 'sqrt', 'max_depth': 3, 'criterion': 'entropy', 'class_weight': 'balanced_subsample', 'ccp_alpha': 0.01, 'bootstrap': True}",0.2736936585966984,0.3552272760048181,0.19230476613085615
"{'n_estimators': 300, 'min_weight_fraction_leaf': 0.0, 'min_samples_split': 2, 'min_samples_leaf': 4, 'min_impurity_decrease': 0.03, 'max_leaf_nodes': None, 'max_features': 'sqrt', 'max_depth': 10, 'criterion': 'entropy', 'class_weight': 'balanced_subsample', 'ccp_alpha': 0.0, 'bootstrap': True}",0.2814444384951031,0.3622955372830259,0.1969689687283512
"{'n_estimators': 600, 'min_weight_fraction_leaf': 0.03, 'min_samples_split': 10, 'min_samples_leaf': 4, 'min_impurity_decrease': 0.03, 'max_leaf_nodes': 10, 'max_features': 'sqrt', 'max_depth': 5, 'criterion': 'entropy', 'class_weight': 'balanced_subsample', 'ccp_alpha': 0.01, 'bootstrap': True}",0.2711858557449019,0.3512590166284157,0.19029288302434044
"{'n_estimators': 600, 'min_weight_fraction_leaf': 0.03, 'min_samples_split': 10, 'min_samples_leaf': 1, 'min_impurity_decrease': 0.03, 'max_leaf_nodes': 10, 'max_features': 'log2', 'max_depth': 20, 'criterion': 'gini', 'class_weight': 'balanced_subsample', 'ccp_alpha': 0.01, 'bootstrap': True}",0.0,0.1490071855884704,0.0
"{'n_estimators': 1000, 'min_weight_fraction_leaf': 0.0, 'min_samples_split': 10, 'min_samples_leaf': 4, 'min_impurity_decrease': 0.0, 'max_leaf_nodes': None, 'max_features': 'sqrt', 'max_depth': 20, 'criterion': 'entropy', 'class_weight': 'balanced_subsample', 'ccp_alpha': 0.0, 'bootstrap': True}",0.43438006281022806,0.508428898553285,0.33197573983692724
"{'n_estimators': 2000, 'min_weight_fraction_leaf': 0.03, 'min_samples_split': 5, 'min_samples_leaf': 1, 'min_impurity_decrease': 0.03, 'max_leaf_nodes': None, 'max_features': 'sqrt', 'max_depth': 3, 'criterion': 'entropy', 'class_weight': 'balanced_subsample', 'ccp_alpha': 0.01, 'bootstrap': True}",0.2796259880493574,0.35800241411237255,0.20225161170198938
"{'n_estimators': 300, 'min_weight_fraction_leaf': 0.03, 'min_samples_split': 10, 'min_samples_leaf': 20, 'min_impurity_decrease': 0.03, 'max_leaf_nodes': None, 'max_features': 'sqrt', 'max_depth': 5, 'criterion': 'gini', 'class_weight': 'balanced_subsample', 'ccp_alpha': 0.01, 'bootstrap': True}",0.0,0.1490071855884704,0.0
"{'n_estimators': 1000, 'min_weight_fraction_leaf': 0.03, 'min_samples_split': 2, 'min_samples_leaf': 20, 'min_impurity_decrease': 0.0, 'max_leaf_nodes': None, 'max_features': 'sqrt', 'max_depth': 3, 'criterion': 'entropy', 'class_weight': 'balanced_subsample', 'ccp_alpha': 0.01, 'bootstrap': True}",0.30517624830596984,0.37378374655689867,0.2004519534014415
"{'n_estimators': 2000, 'min_weight_fraction_leaf': 0.03, 'min_samples_split': 10, 'min_samples_leaf': 4, 'min_impurity_decrease': 0.03, 'max_leaf_nodes': None, 'max_features': 'log2', 'max_depth': 5, 'criterion': 'gini', 'class_weight': 'balanced_subsample', 'ccp_alpha': 0.0, 'bootstrap': True}",0.0,0.1490071855884704,0.0
"{'n_estimators': 600, 'min_weight_fraction_leaf': 0.0, 'min_samples_split': 5, 'min_samples_leaf': 20, 'min_impurity_decrease': 0.03, 'max_leaf_nodes': None, 'max_features': 'sqrt', 'max_depth': 5, 'criterion': 'entropy', 'class_weight': 'balanced_subsample', 'ccp_alpha': 0.0, 'bootstrap': True}",0.2737545230121985,0.3525454749590879,0.19269125755932456
"{'n_estimators': 1000, 'min_weight_fraction_leaf': 0.0, 'min_samples_split': 10, 'min_samples_leaf': 20, 'min_impurity_decrease': 0.03, 'max_leaf_nodes': 10, 'max_features': 'sqrt', 'max_depth': 3, 'criterion': 'gini', 'class_weight': 'balanced_subsample', 'ccp_alpha': 0.01, 'bootstrap': True}",0.0,0.1490071855884704,0.0
"{'n_estimators': 600, 'min_weight_fraction_leaf': 0.03, 'min_samples_split': 10, 'min_samples_leaf': 4, 'min_impurity_decrease': 0.0, 'max_leaf_nodes': 5, 'max_features': 'log2', 'max_depth': 5, 'criterion': 'gini', 'class_weight': 'balanced_subsample', 'ccp_alpha': 0.01, 'bootstrap': True}",0.2834785429840319,0.36065853466587816,0.20102850606427938
"{'n_estimators': 600, 'min_weight_fraction_leaf': 0.03, 'min_samples_split': 2, 'min_samples_leaf': 4, 'min_impurity_decrease': 0.0, 'max_leaf_nodes': 5, 'max_features': 'log2', 'max_depth': 20, 'criterion': 'entropy', 'class_weight': 'balanced_subsample', 'ccp_alpha': 0.0, 'bootstrap': True}",0.3060013451617358,0.3765285262034614,0.20064023622876656
"{'n_estimators': 600, 'min_weight_fraction_leaf': 0.0, 'min_samples_split': 2, 'min_samples_leaf': 1, 'min_impurity_decrease': 0.03, 'max_leaf_nodes': 5, 'max_features': 'log2', 'max_depth': 3, 'criterion': 'gini', 'class_weight': 'balanced_subsample', 'ccp_alpha': 0.01, 'bootstrap': True}",0.0,0.1490071855884704,0.0
"{'n_estimators': 300, 'min_weight_fraction_leaf': 0.0, 'min_samples_split': 5, 'min_samples_leaf': 20, 'min_impurity_decrease': 0.0, 'max_leaf_nodes': 5, 'max_features': 'log2', 'max_depth': 20, 'criterion': 'gini', 'class_weight': 'balanced_subsample', 'ccp_alpha': 0.0, 'bootstrap': True}",0.30887560919368173,0.37893577884223956,0.19959168443799166
"{'n_estimators': 100, 'min_weight_fraction_leaf': 0.03, 'min_samples_split': 2, 'min_samples_leaf': 4, 'min_impurity_decrease': 0.0, 'max_leaf_nodes': 5, 'max_features': 'sqrt', 'max_depth': 10, 'criterion': 'entropy', 'class_weight': 'balanced_subsample', 'ccp_alpha': 0.0, 'bootstrap': True}",0.2963523887922129,0.37247051923246993,0.20203048150918282
"{'n_estimators': 600, 'min_weight_fraction_leaf': 0.03, 'min_samples_split': 5, 'min_samples_leaf': 4, 'min_impurity_decrease': 0.0, 'max_leaf_nodes': None, 'max_features': 'log2', 'max_depth': 3, 'criterion': 'entropy', 'class_weight': 'balanced_subsample', 'ccp_alpha': 0.0, 'bootstrap': True}",0.3057176519970966,0.37755685774186043,0.1987203561619734
"{'n_estimators': 2000, 'min_weight_fraction_leaf': 0.0, 'min_samples_split': 10, 'min_samples_leaf': 20, 'min_impurity_decrease': 0.0, 'max_leaf_nodes': 5, 'max_features': 'log2', 'max_depth': 5, 'criterion': 'gini', 'class_weight': 'balanced_subsample', 'ccp_alpha': 0.01, 'bootstrap': True}",0.2862195064436093,0.36258382666827954,0.20241225952173778
"{'n_estimators': 300, 'min_weight_fraction_leaf': 0.03, 'min_samples_split': 5, 'min_samples_leaf': 4, 'min_impurity_decrease': 0.03, 'max_leaf_nodes': 10, 'max_features': 'sqrt', 'max_depth': 20, 'criterion': 'gini', 'class_weight': 'balanced_subsample', 'ccp_alpha': 0.01, 'bootstrap': True}",0.0,0.1490071855884704,0.0
"{'n_estimators': 100, 'min_weight_fraction_leaf': 0.03, 'min_samples_split': 5, 'min_samples_leaf': 1, 'min_impurity_decrease': 0.0, 'max_leaf_nodes': 10, 'max_features': 'sqrt', 'max_depth': 20, 'criterion': 'gini', 'class_weight': 'balanced_subsample', 'ccp_alpha': 0.0, 'bootstrap': True}",0.3091246867933472,0.382552936159506,0.20488621767884488
"{'n_estimators': 2000, 'min_weight_fraction_leaf': 0.03, 'min_samples_split': 10, 'min_samples_leaf': 20, 'min_impurity_decrease': 0.03, 'max_leaf_nodes': None, 'max_features': 'log2', 'max_depth': 10, 'criterion': 'gini', 'class_weight': 'balanced_subsample', 'ccp_alpha': 0.0, 'bootstrap': True}",0.0,0.1490071855884704,0.0
"{'n_estimators': 300, 'min_weight_fraction_leaf': 0.0, 'min_samples_split': 2, 'min_samples_leaf': 20, 'min_impurity_decrease': 0.03, 'max_leaf_nodes': 10, 'max_features': 'log2', 'max_depth': 5, 'criterion': 'entropy', 'class_weight': 'balanced_subsample', 'ccp_alpha': 0.01, 'bootstrap': True}",0.26140077201620254,0.36148131679898277,0.19274855475901145
"{'n_estimators': 100, 'min_weight_fraction_leaf': 0.03, 'min_samples_split': 5, 'min_samples_leaf': 1, 'min_impurity_decrease': 0.03, 'max_leaf_nodes': 10, 'max_features': 'sqrt', 'max_depth': 3, 'criterion': 'entropy', 'class_weight': 'balanced_subsample', 'ccp_alpha': 0.01, 'bootstrap': True}",0.2736936585966984,0.3552272760048181,0.19230476613085615
"{'n_estimators': 100, 'min_weight_fraction_leaf': 0.0, 'min_samples_split': 10, 'min_samples_leaf': 1, 'min_impurity_decrease': 0.03, 'max_leaf_nodes': 5, 'max_features': 'sqrt', 'max_depth': 3, 'criterion': 'gini', 'class_weight': 'balanced_subsample', 'ccp_alpha': 0.0, 'bootstrap': True}",0.0,0.07656384263542419,0.046399925019494075
"{'n_estimators': 100, 'min_weight_fraction_leaf': 0.03, 'min_samples_split': 2, 'min_samples_leaf': 20, 'min_impurity_decrease': 0.03, 'max_leaf_nodes': 5, 'max_features': 'log2', 'max_depth': 5, 'criterion': 'entropy', 'class_weight': 'balanced_subsample', 'ccp_alpha': 0.0, 'bootstrap': True}",0.2478440430448431,0.35293773187298694,0.17897434101734466
"{'n_estimators': 100, 'min_weight_fraction_leaf': 0.0, 'min_samples_split': 2, 'min_samples_leaf': 1, 'min_impurity_decrease': 0.03, 'max_leaf_nodes': 10, 'max_features': 'sqrt', 'max_depth': 3, 'criterion': 'gini', 'class_weight': 'balanced_subsample', 'ccp_alpha': 0.0, 'bootstrap': True}",0.0,0.07656384263542419,0.046399925019494075
"{'n_estimators': 1000, 'min_weight_fraction_leaf': 0.0, 'min_samples_split': 2, 'min_samples_leaf': 1, 'min_impurity_decrease': 0.03, 'max_leaf_nodes': 10, 'max_features': 'log2', 'max_depth': 10, 'criterion': 'gini', 'class_weight': 'balanced_subsample', 'ccp_alpha': 0.01, 'bootstrap': True}",0.0,0.1490071855884704,0.0
"{'n_estimators': 600, 'min_weight_fraction_leaf': 0.0, 'min_samples_split': 2, 'min_samples_leaf': 4, 'min_impurity_decrease': 0.03, 'max_leaf_nodes': 5, 'max_features': 'sqrt', 'max_depth': 20, 'criterion': 'entropy', 'class_weight': 'balanced_subsample', 'ccp_alpha': 0.01, 'bootstrap': True}",0.27306913569189556,0.352081230767278,0.19088826063338085
"{'n_estimators': 1000, 'min_weight_fraction_leaf': 0.0, 'min_samples_split': 10, 'min_samples_leaf': 20, 'min_impurity_decrease': 0.0, 'max_leaf_nodes': None, 'max_features': 'sqrt', 'max_depth': 5, 'criterion': 'gini', 'class_weight': 'balanced_subsample', 'ccp_alpha': 0.0, 'bootstrap': True}",0.33496041611996247,0.3978794344871222,0.21381891516369975
"{'n_estimators': 300, 'min_weight_fraction_leaf': 0.03, 'min_samples_split': 5, 'min_samples_leaf': 1, 'min_impurity_decrease': 0.03, 'max_leaf_nodes': None, 'max_features': 'sqrt', 'max_depth': 10, 'criterion': 'gini', 'class_weight': 'balanced_subsample', 'ccp_alpha': 0.0, 'bootstrap': True}",0.0,0.1490071855884704,0.0
"{'n_estimators': 2000, 'min_weight_fraction_leaf': 0.0, 'min_samples_split': 10, 'min_samples_leaf': 20, 'min_impurity_decrease': 0.0, 'max_leaf_nodes': None, 'max_features': 'sqrt', 'max_depth': 10, 'criterion': 'entropy', 'class_weight': 'balanced_subsample', 'ccp_alpha': 0.01, 'bootstrap': True}",0.31500528312521775,0.374095692771482,0.21026584435522544
"{'n_estimators': 100, 'min_weight_fraction_leaf': 0.03, 'min_samples_split': 2, 'min_samples_leaf': 4, 'min_impurity_decrease': 0.03, 'max_leaf_nodes': 10, 'max_features': 'log2', 'max_depth': 10, 'criterion': 'entropy', 'class_weight': 'balanced_subsample', 'ccp_alpha': 0.01, 'bootstrap': True}",0.2478440430448431,0.35293773187298694,0.17897434101734466
"{'n_estimators': 2000, 'min_weight_fraction_leaf': 0.0, 'min_samples_split': 10, 'min_samples_leaf': 1, 'min_impurity_decrease': 0.0, 'max_leaf_nodes': 10, 'max_features': 'log2', 'max_depth': 20, 'criterion': 'gini', 'class_weight': 'balanced_subsample', 'ccp_alpha': 0.01, 'bootstrap': True}",0.28544451375940727,0.36017793569848583,0.20354946820176625
"{'n_estimators': 100, 'min_weight_fraction_leaf': 0.03, 'min_samples_split': 5, 'min_samples_leaf': 1, 'min_impurity_decrease': 0.0, 'max_leaf_nodes': None, 'max_features': 'log2', 'max_depth': 10, 'criterion': 'entropy', 'class_weight': 'balanced_subsample', 'ccp_alpha': 0.0, 'bootstrap': True}",0.30645747986118593,0.3798812542778098,0.1963770109165147
"{'n_estimators': 2000, 'min_weight_fraction_leaf': 0.0, 'min_samples_split': 2, 'min_samples_leaf': 20, 'min_impurity_decrease': 0.0, 'max_leaf_nodes': 10, 'max_features': 'sqrt', 'max_depth': 20, 'criterion': 'gini', 'class_weight': 'balanced_subsample', 'ccp_alpha': 0.01, 'bootstrap': True}",0.28483053363972693,0.3533775132830763,0.20127335977784963
"{'n_estimators': 600, 'min_weight_fraction_leaf': 0.0, 'min_samples_split': 5, 'min_samples_leaf': 1, 'min_impurity_decrease': 0.0, 'max_leaf_nodes': None, 'max_features': 'log2', 'max_depth': 10, 'criterion': 'gini', 'class_weight': 'balanced_subsample', 'ccp_alpha': 0.0, 'bootstrap': True}",0.36997232267513036,0.43565843742151006,0.2535593872730961
"{'n_estimators': 2000, 'min_weight_fraction_leaf': 0.0, 'min_samples_split': 10, 'min_samples_leaf': 4, 'min_impurity_decrease': 0.0, 'max_leaf_nodes': 5, 'max_features': 'sqrt', 'max_depth': 3, 'criterion': 'entropy', 'class_weight': 'balanced_subsample', 'ccp_alpha': 0.0, 'bootstrap': True}",0.3067485291055439,0.3759108342317095,0.20189830111821772
"{'n_estimators': 2000, 'min_weight_fraction_leaf': 0.03, 'min_samples_split': 2, 'min_samples_leaf': 1, 'min_impurity_decrease': 0.03, 'max_leaf_nodes': None, 'max_features': 'sqrt', 'max_depth': 3, 'criterion': 'gini', 'class_weight': 'balanced_subsample', 'ccp_alpha': 0.01, 'bootstrap': True}",0.0,0.1490071855884704,0.0
"{'n_estimators': 600, 'min_weight_fraction_leaf': 0.03, 'min_samples_split': 5, 'min_samples_leaf': 4, 'min_impurity_decrease': 0.03, 'max_leaf_nodes': None, 'max_features': 'log2', 'max_depth': 20, 'criterion': 'entropy', 'class_weight': 'balanced_subsample', 'ccp_alpha': 0.01, 'bootstrap': True}",0.2767190013300429,0.35879032540994255,0.19327923810175696
"{'n_estimators': 100, 'min_weight_fraction_leaf': 0.0, 'min_samples_split': 10, 'min_samples_leaf': 1, 'min_impurity_decrease': 0.03, 'max_leaf_nodes': None, 'max_features': 'log2', 'max_depth': 5, 'criterion': 'entropy', 'class_weight': 'balanced_subsample', 'ccp_alpha': 0.01, 'bootstrap': True}",0.24583364434832214,0.35192937231887145,0.18251147136357423
"{'n_estimators': 2000, 'min_weight_fraction_leaf': 0.03, 'min_samples_split': 10, 'min_samples_leaf': 20, 'min_impurity_decrease': 0.03, 'max_leaf_nodes': 10, 'max_features': 'sqrt', 'max_depth': 3, 'criterion': 'entropy', 'class_weight': 'balanced_subsample', 'ccp_alpha': 0.01, 'bootstrap': True}",0.2779540873548297,0.35711269056520506,0.20150742626809556
"{'n_estimators': 300, 'min_weight_fraction_leaf': 0.0, 'min_samples_split': 2, 'min_samples_leaf': 4, 'min_impurity_decrease': 0.03, 'max_leaf_nodes': 5, 'max_features': 'sqrt', 'max_depth': 20, 'criterion': 'entropy', 'class_weight': 'balanced_subsample', 'ccp_alpha': 0.0, 'bootstrap': True}",0.28055371058509143,0.3621931629660322,0.19681408100334133
"{'n_estimators': 600, 'min_weight_fraction_leaf': 0.03, 'min_samples_split': 5, 'min_samples_leaf': 20, 'min_impurity_decrease': 0.03, 'max_leaf_nodes': 10, 'max_features': 'sqrt', 'max_depth': 10, 'criterion': 'gini', 'class_weight': 'balanced_subsample', 'ccp_alpha': 0.01, 'bootstrap': True}",0.0,0.1490071855884704,0.0
"{'n_estimators': 1000, 'min_weight_fraction_leaf': 0.03, 'min_samples_split': 5, 'min_samples_leaf': 20, 'min_impurity_decrease': 0.03, 'max_leaf_nodes': 5, 'max_features': 'log2', 'max_depth': 5, 'criterion': 'gini', 'class_weight': 'balanced_subsample', 'ccp_alpha': 0.01, 'bootstrap': True}",0.0,0.1490071855884704,0.0
"{'n_estimators': 300, 'min_weight_fraction_leaf': 0.0, 'min_samples_split': 2, 'min_samples_leaf': 1, 'min_impurity_decrease': 0.0, 'max_leaf_nodes': 10, 'max_features': 'sqrt', 'max_depth': 20, 'criterion': 'gini', 'class_weight': 'balanced_subsample', 'ccp_alpha': 0.0, 'bootstrap': True}",0.3238807625365853,0.38692624478275656,0.2058378177097873
"{'n_estimators': 600, 'min_weight_fraction_leaf': 0.0, 'min_samples_split': 2, 'min_samples_leaf': 4, 'min_impurity_decrease': 0.0, 'max_leaf_nodes': 5, 'max_features': 'sqrt', 'max_depth': 20, 'criterion': 'entropy', 'class_weight': 'balanced_subsample', 'ccp_alpha': 0.0, 'bootstrap': True}",0.30790104685387837,0.37598209003588007,0.20355206387808047
"{'n_estimators': 2000, 'min_weight_fraction_leaf': 0.0, 'min_samples_split': 10, 'min_samples_leaf': 1, 'min_impurity_decrease': 0.03, 'max_leaf_nodes': None, 'max_features': 'log2', 'max_depth': 10, 'criterion': 'gini', 'class_weight': 'balanced_subsample', 'ccp_alpha': 0.0, 'bootstrap': True}",0.0,0.1490071855884704,0.0
"{'n_estimators': 600, 'min_weight_fraction_leaf': 0.03, 'min_samples_split': 2, 'min_samples_leaf': 4, 'min_impurity_decrease': 0.0, 'max_leaf_nodes': 5, 'max_features': 'sqrt', 'max_depth': 3, 'criterion': 'gini', 'class_weight': 'balanced_subsample', 'ccp_alpha': 0.0, 'bootstrap': True}",0.3017316566570323,0.37436773283181446,0.19638839163325092
"{'n_estimators': 600, 'min_weight_fraction_leaf': 0.03, 'min_samples_split': 2, 'min_samples_leaf': 1, 'min_impurity_decrease': 0.0, 'max_leaf_nodes': None, 'max_features': 'sqrt', 'max_depth': 10, 'criterion': 'gini', 'class_weight': 'balanced_subsample', 'ccp_alpha': 0.0, 'bootstrap': True}",0.31921273057022886,0.3850687907892267,0.20327652657288117
"{'n_estimators': 100, 'min_weight_fraction_leaf': 0.03, 'min_samples_split': 2, 'min_samples_leaf': 1, 'min_impurity_decrease': 0.03, 'max_leaf_nodes': 10, 'max_features': 'log2', 'max_depth': 20, 'criterion': 'entropy', 'class_weight': 'balanced_subsample', 'ccp_alpha': 0.01, 'bootstrap': True}",0.2478440430448431,0.35293773187298694,0.17897434101734466
"{'n_estimators': 1000, 'min_weight_fraction_leaf': 0.03, 'min_samples_split': 10, 'min_samples_leaf': 4, 'min_impurity_decrease': 0.0, 'max_leaf_nodes': None, 'max_features': 'sqrt', 'max_depth': 5, 'criterion': 'gini', 'class_weight': 'balanced_subsample', 'ccp_alpha': 0.01, 'bootstrap': True}",0.2822666482419099,0.35379955804026836,0.20049671487404952
"{'n_estimators': 300, 'min_weight_fraction_leaf': 0.03, 'min_samples_split': 5, 'min_samples_leaf': 4, 'min_impurity_decrease': 0.0, 'max_leaf_nodes': 10, 'max_features': 'sqrt', 'max_depth': 10, 'criterion': 'entropy', 'class_weight': 'balanced_subsample', 'ccp_alpha': 0.0, 'bootstrap': True}",0.3169692227067815,0.3839041690099331,0.2062594165170345
"{'n_estimators': 1000, 'min_weight_fraction_leaf': 0.03, 'min_samples_split': 10, 'min_samples_leaf': 4, 'min_impurity_decrease': 0.0, 'max_leaf_nodes': 10, 'max_features': 'sqrt', 'max_depth': 20, 'criterion': 'entropy', 'class_weight': 'balanced_subsample', 'ccp_alpha': 0.0, 'bootstrap': True}",0.31741408488552386,0.38296658836552694,0.20382880439576856
"{'n_estimators': 2000, 'min_weight_fraction_leaf': 0.0, 'min_samples_split': 10, 'min_samples_leaf': 4, 'min_impurity_decrease': 0.0, 'max_leaf_nodes': None, 'max_features': 'sqrt', 'max_depth': 10, 'criterion': 'gini', 'class_weight': 'balanced_subsample', 'ccp_alpha': 0.0, 'bootstrap': True}",0.3819799993149249,0.44621066232028167,0.2637638526510341
"{'n_estimators': 300, 'min_weight_fraction_leaf': 0.0, 'min_samples_split': 2, 'min_samples_leaf': 20, 'min_impurity_decrease': 0.0, 'max_leaf_nodes': 5, 'max_features': 'sqrt', 'max_depth': 3, 'criterion': 'entropy', 'class_weight': 'balanced_subsample', 'ccp_alpha': 0.0, 'bootstrap': True}",0.3103489698469349,0.3797937963511205,0.20377977191735744
"{'n_estimators': 100, 'min_weight_fraction_leaf': 0.0, 'min_samples_split': 5, 'min_samples_leaf': 20, 'min_impurity_decrease': 0.0, 'max_leaf_nodes': 5, 'max_features': 'sqrt', 'max_depth': 20, 'criterion': 'entropy', 'class_weight': 'balanced_subsample', 'ccp_alpha': 0.0, 'bootstrap': True}",0.30264539208427105,0.37123752710998437,0.20425970610436583
"{'n_estimators': 600, 'min_weight_fraction_leaf': 0.0, 'min_samples_split': 10, 'min_samples_leaf': 4, 'min_impurity_decrease': 0.03, 'max_leaf_nodes': None, 'max_features': 'sqrt', 'max_depth': 20, 'criterion': 'entropy', 'class_weight': 'balanced_subsample', 'ccp_alpha': 0.0, 'bootstrap': True}",0.2737545230121985,0.3525454749590879,0.19269125755932456
"{'n_estimators': 1000, 'min_weight_fraction_leaf': 0.03, 'min_samples_split': 2, 'min_samples_leaf': 1, 'min_impurity_decrease': 0.03, 'max_leaf_nodes': None, 'max_features': 'log2', 'max_depth': 5, 'criterion': 'gini', 'class_weight': 'balanced_subsample', 'ccp_alpha': 0.01, 'bootstrap': True}",0.0,0.1490071855884704,0.0
"{'n_estimators': 600, 'min_weight_fraction_leaf': 0.03, 'min_samples_split': 2, 'min_samples_leaf': 1, 'min_impurity_decrease': 0.0, 'max_leaf_nodes': None, 'max_features': 'log2', 'max_depth': 10, 'criterion': 'entropy', 'class_weight': 'balanced_subsample', 'ccp_alpha': 0.01, 'bootstrap': True}",0.3055338931107288,0.3739588747097213,0.20360096272591086
"{'n_estimators': 600, 'min_weight_fraction_leaf': 0.0, 'min_samples_split': 2, 'min_samples_leaf': 4, 'min_impurity_decrease': 0.03, 'max_leaf_nodes': None, 'max_features': 'log2', 'max_depth': 10, 'criterion': 'entropy', 'class_weight': 'balanced_subsample', 'ccp_alpha': 0.01, 'bootstrap': True}",0.27688451013257837,0.35885156378094,0.19333338734628178
"{'n_estimators': 600, 'min_weight_fraction_leaf': 0.0, 'min_samples_split': 5, 'min_samples_leaf': 1, 'min_impurity_decrease': 0.03, 'max_leaf_nodes': None, 'max_features': 'sqrt', 'max_depth': 5, 'criterion': 'entropy', 'class_weight': 'balanced_subsample', 'ccp_alpha': 0.01, 'bootstrap': True}",0.2737545230121985,0.3525454749590879,0.19269125755932456
"{'n_estimators': 100, 'min_weight_fraction_leaf': 0.03, 'min_samples_split': 10, 'min_samples_leaf': 20, 'min_impurity_decrease': 0.03, 'max_leaf_nodes': 5, 'max_features': 'sqrt', 'max_depth': 5, 'criterion': 'gini', 'class_weight': 'balanced_subsample', 'ccp_alpha': 0.01, 'bootstrap': True}",0.0,0.07656384263542419,0.046399925019494075
"{'n_estimators': 1000, 'min_weight_fraction_leaf': 0.03, 'min_samples_split': 2, 'min_samples_leaf': 4, 'min_impurity_decrease': 0.0, 'max_leaf_nodes': 5, 'max_features': 'log2', 'max_depth': 5, 'criterion': 'gini', 'class_weight': 'balanced_subsample', 'ccp_alpha': 0.0, 'bootstrap': True}",0.3068974144022449,0.3776745560559793,0.1986651433089257
"{'n_estimators': 100, 'min_weight_fraction_leaf': 0.0, 'min_samples_split': 10, 'min_samples_leaf': 20, 'min_impurity_decrease': 0.03, 'max_leaf_nodes': None, 'max_features': 'sqrt', 'max_depth': 10, 'criterion': 'entropy', 'class_weight': 'balanced_subsample', 'ccp_alpha': 0.0, 'bootstrap': True}",0.27922771500342947,0.35870675560635473,0.19320005308304677
"{'n_estimators': 100, 'min_weight_fraction_leaf': 0.0, 'min_samples_split': 5, 'min_samples_leaf': 1, 'min_impurity_decrease': 0.0, 'max_leaf_nodes': 10, 'max_features': 'sqrt', 'max_depth': 10, 'criterion': 'gini', 'class_weight': 'balanced_subsample', 'ccp_alpha': 0.01, 'bootstrap': True}",0.28374357739859435,0.35504158161058075,0.20569714628982574
"{'n_estimators': 100, 'min_weight_fraction_leaf': 0.03, 'min_samples_split': 5, 'min_samples_leaf': 4, 'min_impurity_decrease': 0.03, 'max_leaf_nodes': 5, 'max_features': 'sqrt', 'max_depth': 5, 'criterion': 'entropy', 'class_weight': 'balanced_subsample', 'ccp_alpha': 0.0, 'bootstrap': True}",0.2741384190572846,0.3553973687197114,0.19233236586869248
